Time,Air Density,Wind Speed ,Power Generation ,timestamp
1,1.282,0.955,0.02,2019-03-01 00:00:00
2,1.27,0.881,0.01,2019-03-01 01:00:00
3,1.26,1.627,1.825,2019-03-01 02:00:00
4,1.253,2.421,26.87,2019-03-01 03:00:00
5,1.249,3.45,165.285,2019-03-01 04:00:00
6,1.247,3.856,256.575,2019-03-01 05:00:00
7,1.246,3.459,167.25,2019-03-01 06:00:00
8,1.246,2.411,26.252,2019-03-01 07:00:00
9,1.249,1.757,3.132,2019-03-01 08:00:00
10,1.252,3.97,288.802,2019-03-01 09:00:00
11,1.255,5.964,1090.1,2019-03-01 10:00:00
12,1.257,7.002,1706.339,2019-03-01 11:00:00
13,1.259,7.827,2265.66,2019-03-01 12:00:00
14,1.261,8.336,2613.11,2019-03-01 13:00:00
15,1.263,8.47,2701.388,2019-03-01 14:00:00
16,1.265,7.833,2269.457,2019-03-01 15:00:00
17,1.268,7.785,2235.049,2019-03-01 16:00:00
18,1.27,7.911,2319.061,2019-03-01 17:00:00
19,1.272,7.589,2097.895,2019-03-01 18:00:00
20,1.274,7.106,1775.121,2019-03-01 19:00:00
21,1.275,6.363,1310.628,2019-03-01 20:00:00
22,1.276,5.321,772.808,2019-03-01 21:00:00
23,1.277,4.266,371.688,2019-03-01 22:00:00
24,1.276,3.481,171.821,2019-03-01 23:00:00
25,1.268,3.057,94.686,2019-03-02 00:00:00
26,1.254,3.205,119.588,2019-03-02 01:00:00
27,1.242,3.787,239.267,2019-03-02 02:00:00
28,1.234,4.756,537.777,2019-03-02 03:00:00
29,1.229,6.193,1214.906,2019-03-02 04:00:00
30,1.225,7.634,2130.833,2019-03-02 05:00:00
31,1.224,8.566,2769.598,2019-03-02 06:00:00
32,1.224,7.024,1718.964,2019-03-02 07:00:00
33,1.227,5.284,756.818,2019-03-02 08:00:00
34,1.23,6.238,1242.277,2019-03-02 09:00:00
35,1.233,8.159,2489.892,2019-03-02 10:00:00
36,1.237,8.585,2782.208,2019-03-02 11:00:00
37,1.24,8.816,2931.979,2019-03-02 12:00:00
38,1.243,8.373,2635.805,2019-03-02 13:00:00
39,1.245,8.292,2581.996,2019-03-02 14:00:00
40,1.249,9.233,3199.718,2019-03-02 15:00:00
41,1.253,9.778,3517.046,2019-03-02 16:00:00
42,1.257,9.618,3426.844,2019-03-02 17:00:00
43,1.261,8.821,2935.535,2019-03-02 18:00:00
44,1.264,7.714,2183.002,2019-03-02 19:00:00
45,1.268,6.92,1657.443,2019-03-02 20:00:00
46,1.272,6.405,1333.342,2019-03-02 21:00:00
47,1.274,6.381,1319.496,2019-03-02 22:00:00
48,1.273,6.575,1438.796,2019-03-02 23:00:00
49,1.265,6.72,1525.37,2019-03-03 00:00:00
50,1.254,6.844,1605.786,2019-03-03 01:00:00
51,1.242,7.048,1734.367,2019-03-03 02:00:00
52,1.235,6.954,1676.45,2019-03-03 03:00:00
53,1.231,6.966,1683.756,2019-03-03 04:00:00
54,1.229,6.854,1613.033,2019-03-03 05:00:00
55,1.228,6.289,1266.209,2019-03-03 06:00:00
56,1.229,4.116,328.501,2019-03-03 07:00:00
57,1.232,2.22,15.729,2019-03-03 08:00:00
58,1.235,3.178,113.604,2019-03-03 09:00:00
59,1.238,3.557,185.929,2019-03-03 10:00:00
60,1.241,3.778,237.007,2019-03-03 11:00:00
61,1.243,3.976,288.957,2019-03-03 12:00:00
62,1.245,3.935,277.046,2019-03-03 13:00:00
63,1.246,3.682,214.11,2019-03-03 14:00:00
64,1.248,3.552,184.843,2019-03-03 15:00:00
65,1.251,3.624,202.741,2019-03-03 16:00:00
66,1.254,3.869,261.673,2019-03-03 17:00:00
67,1.256,4.194,349.905,2019-03-03 18:00:00
68,1.259,4.508,449.776,2019-03-03 19:00:00
69,1.262,4.855,575.232,2019-03-03 20:00:00
70,1.264,5.166,701.478,2019-03-03 21:00:00
71,1.265,5.472,838.339,2019-03-03 22:00:00
72,1.265,5.717,958.568,2019-03-03 23:00:00
73,1.259,5.925,1064.55,2019-03-04 00:00:00
74,1.246,6.033,1126.067,2019-03-04 01:00:00
75,1.238,6.066,1140.568,2019-03-04 02:00:00
76,1.233,6.099,1162.842,2019-03-04 03:00:00
77,1.23,6.047,1133.52,2019-03-04 04:00:00
78,1.228,5.949,1081.714,2019-03-04 05:00:00
79,1.228,5.854,1027.316,2019-03-04 06:00:00
80,1.229,5.182,708.237,2019-03-04 07:00:00
81,1.231,3.493,174.266,2019-03-04 08:00:00
82,1.235,3.483,172.17,2019-03-04 09:00:00
83,1.238,2.788,60.424,2019-03-04 10:00:00
84,1.241,2.016,8.306,2019-03-04 11:00:00
85,1.243,1.548,1.246,2019-03-04 12:00:00
86,1.246,1.445,0.704,2019-03-04 13:00:00
87,1.248,1.43,0.651,2019-03-04 14:00:00
88,1.252,1.552,1.274,2019-03-04 15:00:00
89,1.255,1.666,2.137,2019-03-04 16:00:00
90,1.258,1.849,4.534,2019-03-04 17:00:00
91,1.261,1.951,6.812,2019-03-04 18:00:00
92,1.264,1.909,5.695,2019-03-04 19:00:00
93,1.267,1.86,4.743,2019-03-04 20:00:00
94,1.27,1.961,7.042,2019-03-04 21:00:00
95,1.273,2.077,10.428,2019-03-04 22:00:00
96,1.272,2.265,17.868,2019-03-04 23:00:00
97,1.268,2.531,35.559,2019-03-05 00:00:00
98,1.261,2.633,43.673,2019-03-05 01:00:00
99,1.255,2.563,38.223,2019-03-05 02:00:00
100,1.251,2.463,30.396,2019-03-05 03:00:00
101,1.249,2.4,25.518,2019-03-05 04:00:00
102,1.247,2.415,26.494,2019-03-05 05:00:00
103,1.248,2.774,58.319,2019-03-05 06:00:00
104,1.249,3.093,100.123,2019-03-05 07:00:00
105,1.252,2.411,26.219,2019-03-05 08:00:00
106,1.257,1.472,0.815,2019-03-05 09:00:00
107,1.261,1.137,0.102,2019-03-05 10:00:00
108,1.265,1.22,0.176,2019-03-05 11:00:00
109,1.268,1.161,0.121,2019-03-05 12:00:00
110,1.272,0.95,0.02,2019-03-05 13:00:00
111,1.275,1.09,0.065,2019-03-05 14:00:00
112,1.279,2.725,53.531,2019-03-05 15:00:00
113,1.283,4.674,507.792,2019-03-05 16:00:00
114,1.287,6.078,1151.524,2019-03-05 17:00:00
115,1.291,6.595,1450.462,2019-03-05 18:00:00
116,1.294,6.614,1461.737,2019-03-05 19:00:00
117,1.298,6.715,1524.741,2019-03-05 20:00:00
118,1.3,7.153,1808.018,2019-03-05 21:00:00
119,1.301,7.533,2063.65,2019-03-05 22:00:00
120,1.298,7.479,2022.367,2019-03-05 23:00:00
121,1.289,7.372,1955.072,2019-03-06 00:00:00
122,1.278,7.101,1774.996,2019-03-06 01:00:00
123,1.27,6.495,1389.975,2019-03-06 02:00:00
124,1.264,5.954,1084.713,2019-03-06 03:00:00
125,1.259,5.82,1009.713,2019-03-06 04:00:00
126,1.256,5.645,921.482,2019-03-06 05:00:00
127,1.254,5.777,990.485,2019-03-06 06:00:00
128,1.255,5.649,923.244,2019-03-06 07:00:00
129,1.257,5.604,901.106,2019-03-06 08:00:00
130,1.26,5.762,980.132,2019-03-06 09:00:00
131,1.262,5.73,963.672,2019-03-06 10:00:00
132,1.265,5.921,1062.274,2019-03-06 11:00:00
133,1.267,6.397,1328.731,2019-03-06 12:00:00
134,1.269,6.935,1663.804,2019-03-06 13:00:00
135,1.271,7.338,1928.262,2019-03-06 14:00:00
136,1.274,7.456,2006.965,2019-03-06 15:00:00
137,1.277,6.896,1638.683,2019-03-06 16:00:00
138,1.28,7.629,2125.266,2019-03-06 17:00:00
139,1.283,8.177,2503.605,2019-03-06 18:00:00
140,1.285,8.131,2469.692,2019-03-06 19:00:00
141,1.288,7.76,2221.203,2019-03-06 20:00:00
142,1.291,7.322,1918.155,2019-03-06 21:00:00
143,1.292,6.921,1657.804,2019-03-06 22:00:00
144,1.289,6.541,1414.616,2019-03-06 23:00:00
145,1.279,5.861,1030.662,2019-03-07 00:00:00
146,1.266,5.106,676.033,2019-03-07 01:00:00
147,1.255,4.425,422.23,2019-03-07 02:00:00
148,1.248,3.72,225.131,2019-03-07 03:00:00
149,1.243,3.271,129.699,2019-03-07 04:00:00
150,1.24,2.731,54.085,2019-03-07 05:00:00
151,1.238,2.12,11.672,2019-03-07 06:00:00
152,1.238,1.156,0.116,2019-03-07 07:00:00
153,1.24,1.289,0.291,2019-03-07 08:00:00
154,1.242,3.6,195.476,2019-03-07 09:00:00
155,1.244,4.492,444.466,2019-03-07 10:00:00
156,1.246,4.943,609.578,2019-03-07 11:00:00
157,1.248,5.309,767.745,2019-03-07 12:00:00
158,1.25,5.41,809.34,2019-03-07 13:00:00
159,1.252,5.26,741.752,2019-03-07 14:00:00
160,1.255,4.704,518.787,2019-03-07 15:00:00
161,1.258,4.672,507.232,2019-03-07 16:00:00
162,1.26,4.899,592.147,2019-03-07 17:00:00
163,1.262,5.212,720.974,2019-03-07 18:00:00
164,1.263,5.496,849.726,2019-03-07 19:00:00
165,1.265,5.64,919.006,2019-03-07 20:00:00
166,1.267,5.667,932.268,2019-03-07 21:00:00
167,1.268,5.527,867.65,2019-03-07 22:00:00
168,1.265,4.937,607.148,2019-03-07 23:00:00
169,1.256,4.115,327.93,2019-03-08 00:00:00
170,1.243,3.567,188.268,2019-03-08 01:00:00
171,1.234,3.515,177.075,2019-03-08 02:00:00
172,1.227,3.996,293.358,2019-03-08 03:00:00
173,1.222,4.909,595.971,2019-03-08 04:00:00
174,1.218,5.795,1001.471,2019-03-08 05:00:00
175,1.217,6.334,1295.281,2019-03-08 06:00:00
176,1.217,4.904,594.058,2019-03-08 07:00:00
177,1.22,3.897,269.396,2019-03-08 08:00:00
178,1.224,5.528,867.82,2019-03-08 09:00:00
179,1.227,6.655,1484.764,2019-03-08 10:00:00
180,1.231,7.231,1856.259,2019-03-08 11:00:00
181,1.235,7.771,2222.667,2019-03-08 12:00:00
182,1.238,8.056,2421.08,2019-03-08 13:00:00
183,1.241,7.532,2063.64,2019-03-08 14:00:00
184,1.244,7.969,2358.183,2019-03-08 15:00:00
185,1.248,9.628,3432.803,2019-03-08 16:00:00
186,1.252,11.076,4125.69,2019-03-08 17:00:00
187,1.255,11.084,4128.673,2019-03-08 18:00:00
188,1.259,10.92,4062.275,2019-03-08 19:00:00
189,1.263,10.521,3891.826,2019-03-08 20:00:00
190,1.266,10.006,3640.002,2019-03-08 21:00:00
191,1.269,9.479,3345.945,2019-03-08 22:00:00
192,1.269,8.761,2901.821,2019-03-08 23:00:00
193,1.265,7.85,2282.77,2019-03-09 00:00:00
194,1.261,6.902,1640.156,2019-03-09 01:00:00
195,1.257,5.863,1031.909,2019-03-09 02:00:00
196,1.254,5.616,907.117,2019-03-09 03:00:00
197,1.252,6.649,1480.964,2019-03-09 04:00:00
198,1.25,7.85,2283.19,2019-03-09 05:00:00
199,1.25,8.97,3031.881,2019-03-09 06:00:00
200,1.251,9.816,3538.22,2019-03-09 07:00:00
201,1.254,9.757,3505.215,2019-03-09 08:00:00
202,1.257,9.645,3444.933,2019-03-09 09:00:00
203,1.26,9.365,3278.184,2019-03-09 10:00:00
204,1.262,9.122,3128.698,2019-03-09 11:00:00
205,1.264,9.235,3201.545,2019-03-09 12:00:00
206,1.265,9.44,3329.125,2019-03-09 13:00:00
207,1.266,9.551,3388.349,2019-03-09 14:00:00
208,1.269,9.379,3286.291,2019-03-09 15:00:00
209,1.272,8.596,2786.262,2019-03-09 16:00:00
210,1.275,8.083,2441.703,2019-03-09 17:00:00
211,1.277,7.658,2150.968,2019-03-09 18:00:00
212,1.28,7.257,1876.623,2019-03-09 19:00:00
213,1.282,6.651,1482.297,2019-03-09 20:00:00
214,1.283,5.776,989.762,2019-03-09 21:00:00
215,1.284,4.832,566.488,2019-03-09 22:00:00
216,1.279,4.186,347.409,2019-03-09 23:00:00
217,1.268,3.66,209.036,2019-03-10 00:00:00
218,1.256,3.122,105.687,2019-03-10 01:00:00
219,1.247,2.66,46.147,2019-03-10 02:00:00
220,1.24,2.4,25.552,2019-03-10 03:00:00
221,1.234,2.495,32.129,2019-03-10 04:00:00
222,1.23,2.966,82.868,2019-03-10 05:00:00
223,1.228,3.654,207.678,2019-03-10 06:00:00
224,1.227,3.107,102.179,2019-03-10 07:00:00
225,1.228,4.084,317.876,2019-03-10 08:00:00
226,1.231,4.499,446.812,2019-03-10 09:00:00
227,1.233,4.689,513.248,2019-03-10 10:00:00
228,1.236,4.684,511.557,2019-03-10 11:00:00
229,1.238,4.438,426.395,2019-03-10 12:00:00
230,1.24,4.07,314.043,2019-03-10 13:00:00
231,1.241,3.65,206.69,2019-03-10 14:00:00
232,1.243,3.226,123.23,2019-03-10 15:00:00
233,1.245,3.113,103.736,2019-03-10 16:00:00
234,1.246,3.112,103.426,2019-03-10 17:00:00
235,1.247,3.198,118.262,2019-03-10 18:00:00
236,1.249,3.371,149.618,2019-03-10 19:00:00
237,1.25,3.512,176.484,2019-03-10 20:00:00
238,1.25,3.496,175.0,2019-03-10 21:00:00
239,1.251,3.208,120.085,2019-03-10 22:00:00
240,1.248,2.873,69.551,2019-03-10 23:00:00
241,1.243,2.646,44.838,2019-03-11 00:00:00
242,1.237,2.592,39.975,2019-03-11 01:00:00
243,1.232,2.9,72.902,2019-03-11 02:00:00
244,1.229,3.626,203.266,2019-03-11 03:00:00
245,1.227,4.461,434.181,2019-03-11 04:00:00
246,1.226,5.179,706.949,2019-03-11 05:00:00
247,1.226,5.671,934.111,2019-03-11 06:00:00
248,1.228,5.161,699.169,2019-03-11 07:00:00
249,1.23,4.04,305.508,2019-03-11 08:00:00
250,1.233,4.62,491.748,2019-03-11 09:00:00
251,1.235,5.078,665.025,2019-03-11 10:00:00
252,1.238,5.108,676.571,2019-03-11 11:00:00
253,1.239,5.102,674.161,2019-03-11 12:00:00
254,1.241,4.896,591.0,2019-03-11 13:00:00
255,1.243,4.408,419.582,2019-03-11 14:00:00
256,1.245,3.607,197.028,2019-03-11 15:00:00
257,1.248,3.794,240.951,2019-03-11 16:00:00
258,1.251,4.348,397.394,2019-03-11 17:00:00
259,1.253,4.147,338.746,2019-03-11 18:00:00
260,1.255,3.407,155.043,2019-03-11 19:00:00
261,1.257,2.36,23.054,2019-03-11 20:00:00
262,1.259,1.755,3.114,2019-03-11 21:00:00
263,1.261,3.043,92.548,2019-03-11 22:00:00
264,1.259,4.468,436.264,2019-03-11 23:00:00
265,1.256,5.053,657.598,2019-03-12 00:00:00
266,1.253,5.166,701.137,2019-03-12 01:00:00
267,1.25,5.426,816.991,2019-03-12 02:00:00
268,1.249,5.524,864.411,2019-03-12 03:00:00
269,1.247,5.598,898.527,2019-03-12 04:00:00
270,1.247,5.965,1090.779,2019-03-12 05:00:00
271,1.248,5.902,1052.132,2019-03-12 06:00:00
272,1.25,6.745,1546.639,2019-03-12 07:00:00
273,1.252,8.191,2511.473,2019-03-12 08:00:00
274,1.255,9.472,3341.647,2019-03-12 09:00:00
275,1.257,10.215,3749.298,2019-03-12 10:00:00
276,1.259,10.237,3757.747,2019-03-12 11:00:00
277,1.261,10.014,3644.173,2019-03-12 12:00:00
278,1.262,9.739,3500.618,2019-03-12 13:00:00
279,1.264,9.419,3315.657,2019-03-12 14:00:00
280,1.266,8.984,3043.815,2019-03-12 15:00:00
281,1.268,8.245,2551.599,2019-03-12 16:00:00
282,1.27,7.719,2186.026,2019-03-12 17:00:00
283,1.272,7.52,2050.169,2019-03-12 18:00:00
284,1.274,7.134,1793.773,2019-03-12 19:00:00
285,1.276,6.713,1524.697,2019-03-12 20:00:00
286,1.278,6.028,1124.164,2019-03-12 21:00:00
287,1.279,5.103,674.737,2019-03-12 22:00:00
288,1.276,4.711,521.204,2019-03-12 23:00:00
289,1.27,4.25,366.853,2019-03-13 00:00:00
290,1.265,4.029,304.844,2019-03-13 01:00:00
291,1.259,3.968,288.187,2019-03-13 02:00:00
292,1.256,3.994,292.768,2019-03-13 03:00:00
293,1.253,3.979,289.019,2019-03-13 04:00:00
294,1.251,3.848,254.322,2019-03-13 05:00:00
295,1.25,2.982,84.792,2019-03-13 06:00:00
296,1.25,2.292,19.638,2019-03-13 07:00:00
297,1.252,2.334,22.016,2019-03-13 08:00:00
298,1.254,2.898,72.695,2019-03-13 09:00:00
299,1.257,3.47,169.633,2019-03-13 10:00:00
300,1.259,4.083,317.497,2019-03-13 11:00:00
301,1.261,4.975,622.408,2019-03-13 12:00:00
302,1.263,5.91,1056.418,2019-03-13 13:00:00
303,1.265,6.739,1542.921,2019-03-13 14:00:00
304,1.267,7.231,1856.642,2019-03-13 15:00:00
305,1.269,6.991,1703.057,2019-03-13 16:00:00
306,1.271,7.112,1777.793,2019-03-13 17:00:00
307,1.273,7.028,1721.837,2019-03-13 18:00:00
308,1.275,6.62,1468.483,2019-03-13 19:00:00
309,1.277,6.239,1242.501,2019-03-13 20:00:00
310,1.279,6.139,1181.085,2019-03-13 21:00:00
311,1.28,6.004,1108.358,2019-03-13 22:00:00
312,1.276,5.8,1003.851,2019-03-13 23:00:00
313,1.267,5.627,912.496,2019-03-14 00:00:00
314,1.26,5.102,674.138,2019-03-14 01:00:00
315,1.256,4.458,433.002,2019-03-14 02:00:00
316,1.253,3.779,237.123,2019-03-14 03:00:00
317,1.251,3.035,91.43,2019-03-14 04:00:00
318,1.25,2.364,23.321,2019-03-14 05:00:00
319,1.25,1.688,2.33,2019-03-14 06:00:00
320,1.251,1.27,0.245,2019-03-14 07:00:00
321,1.253,2.175,13.768,2019-03-14 08:00:00
322,1.255,2.502,32.676,2019-03-14 09:00:00
323,1.257,2.676,47.756,2019-03-14 10:00:00
324,1.259,2.849,66.54,2019-03-14 11:00:00
325,1.261,3.057,94.671,2019-03-14 12:00:00
326,1.263,3.077,97.696,2019-03-14 13:00:00
327,1.264,2.804,61.891,2019-03-14 14:00:00
328,1.266,2.274,18.482,2019-03-14 15:00:00
329,1.268,2.057,9.765,2019-03-14 16:00:00
330,1.27,2.813,62.339,2019-03-14 17:00:00
331,1.272,3.5,175.766,2019-03-14 18:00:00
332,1.275,3.821,247.583,2019-03-14 19:00:00
333,1.277,3.834,250.806,2019-03-14 20:00:00
334,1.28,3.618,201.13,2019-03-14 21:00:00
335,1.282,3.261,127.76,2019-03-14 22:00:00
336,1.278,2.887,71.29,2019-03-14 23:00:00
337,1.268,2.545,36.675,2019-03-15 00:00:00
338,1.261,2.278,18.875,2019-03-15 01:00:00
339,1.257,2.168,13.486,2019-03-15 02:00:00
340,1.254,2.306,20.423,2019-03-15 03:00:00
341,1.252,2.588,39.774,2019-03-15 04:00:00
342,1.251,2.935,77.52,2019-03-15 05:00:00
343,1.25,3.202,119.126,2019-03-15 06:00:00
344,1.249,2.614,41.93,2019-03-15 07:00:00
345,1.25,3.195,117.064,2019-03-15 08:00:00
346,1.252,3.567,188.089,2019-03-15 09:00:00
347,1.253,4.02,299.959,2019-03-15 10:00:00
348,1.254,4.662,506.15,2019-03-15 11:00:00
349,1.256,5.341,777.904,2019-03-15 12:00:00
350,1.257,5.806,1004.293,2019-03-15 13:00:00
351,1.259,6.074,1147.17,2019-03-15 14:00:00
352,1.262,6.049,1135.841,2019-03-15 15:00:00
353,1.265,5.459,836.551,2019-03-15 16:00:00
354,1.268,5.234,730.504,2019-03-15 17:00:00
355,1.27,4.592,478.626,2019-03-15 18:00:00
356,1.273,3.766,233.942,2019-03-15 19:00:00
357,1.275,3.107,102.294,2019-03-15 20:00:00
358,1.278,2.691,49.287,2019-03-15 21:00:00
359,1.279,2.443,28.55,2019-03-15 22:00:00
360,1.275,2.315,20.933,2019-03-15 23:00:00
361,1.264,2.153,12.901,2019-03-16 00:00:00
362,1.254,1.941,6.425,2019-03-16 01:00:00
363,1.249,1.635,1.899,2019-03-16 02:00:00
364,1.245,1.265,0.237,2019-03-16 03:00:00
365,1.242,0.98,0.025,2019-03-16 04:00:00
366,1.24,0.845,0.005,2019-03-16 05:00:00
367,1.239,1.007,0.03,2019-03-16 06:00:00
368,1.239,1.029,0.039,2019-03-16 07:00:00
369,1.241,1.865,4.893,2019-03-16 08:00:00
370,1.243,1.983,7.425,2019-03-16 09:00:00
371,1.244,2.214,15.673,2019-03-16 10:00:00
372,1.246,2.633,43.616,2019-03-16 11:00:00
373,1.247,3.055,94.363,2019-03-16 12:00:00
374,1.249,3.414,156.527,2019-03-16 13:00:00
375,1.25,3.77,235.017,2019-03-16 14:00:00
376,1.252,4.072,314.37,2019-03-16 15:00:00
377,1.255,3.979,289.03,2019-03-16 16:00:00
378,1.258,3.416,156.834,2019-03-16 17:00:00
379,1.26,2.484,31.665,2019-03-16 18:00:00
380,1.263,1.883,5.277,2019-03-16 19:00:00
381,1.265,2.085,10.696,2019-03-16 20:00:00
382,1.267,3.147,108.651,2019-03-16 21:00:00
383,1.267,4.384,411.819,2019-03-16 22:00:00
384,1.262,5.536,873.132,2019-03-16 23:00:00
385,1.248,6.561,1426.76,2019-03-17 00:00:00
386,1.236,7.296,1898.749,2019-03-17 01:00:00
387,1.228,7.633,2129.583,2019-03-17 02:00:00
388,1.223,7.521,2050.858,2019-03-17 03:00:00
389,1.218,7.185,1827.709,2019-03-17 04:00:00
390,1.214,6.964,1683.706,2019-03-17 05:00:00
391,1.212,6.301,1273.136,2019-03-17 06:00:00
392,1.211,4.612,486.567,2019-03-17 07:00:00
393,1.213,6.383,1320.904,2019-03-17 08:00:00
394,1.217,9.149,3151.453,2019-03-17 09:00:00
395,1.221,10.452,3860.426,2019-03-17 10:00:00
396,1.224,11.349,4225.049,2019-03-17 11:00:00
397,1.226,12.227,4479.425,2019-03-17 12:00:00
398,1.228,12.882,4623.053,2019-03-17 13:00:00
399,1.229,12.825,4613.035,2019-03-17 14:00:00
400,1.231,11.842,4376.704,2019-03-17 15:00:00
401,1.233,11.316,4210.432,2019-03-17 16:00:00
402,1.235,11.819,4370.181,2019-03-17 17:00:00
403,1.237,11.435,4250.775,2019-03-17 18:00:00
404,1.239,10.989,4093.653,2019-03-17 19:00:00
405,1.241,9.972,3622.297,2019-03-17 20:00:00
406,1.242,9.476,3344.261,2019-03-17 21:00:00
407,1.241,8.94,3012.442,2019-03-17 22:00:00
408,1.234,8.925,3006.127,2019-03-17 23:00:00
409,1.224,8.941,3013.337,2019-03-18 00:00:00
410,1.213,8.836,2947.678,2019-03-18 01:00:00
411,1.205,8.832,2947.711,2019-03-18 02:00:00
412,1.199,8.448,2687.873,2019-03-18 03:00:00
413,1.196,7.942,2339.494,2019-03-18 04:00:00
414,1.194,7.828,2266.295,2019-03-18 05:00:00
415,1.195,7.237,1863.46,2019-03-18 06:00:00
416,1.197,8.183,2505.777,2019-03-18 07:00:00
417,1.202,7.262,1881.174,2019-03-18 08:00:00
418,1.209,6.672,1499.774,2019-03-18 09:00:00
419,1.215,6.69,1512.144,2019-03-18 10:00:00
420,1.222,7.072,1751.396,2019-03-18 11:00:00
421,1.228,7.797,2239.727,2019-03-18 12:00:00
422,1.232,8.163,2494.542,2019-03-18 13:00:00
423,1.236,8.06,2421.117,2019-03-18 14:00:00
424,1.24,7.643,2140.706,2019-03-18 15:00:00
425,1.245,8.527,2744.416,2019-03-18 16:00:00
426,1.248,9.579,3409.448,2019-03-18 17:00:00
427,1.251,10.214,3749.335,2019-03-18 18:00:00
428,1.254,9.964,3621.292,2019-03-18 19:00:00
429,1.255,9.146,3147.886,2019-03-18 20:00:00
430,1.256,8.419,2672.978,2019-03-18 21:00:00
431,1.255,8.007,2389.771,2019-03-18 22:00:00
432,1.249,7.944,2341.536,2019-03-18 23:00:00
433,1.241,8.241,2551.576,2019-03-19 00:00:00
434,1.232,8.686,2850.173,2019-03-19 01:00:00
435,1.225,8.629,2808.396,2019-03-19 02:00:00
436,1.218,8.132,2470.659,2019-03-19 03:00:00
437,1.212,8.004,2384.924,2019-03-19 04:00:00
438,1.208,8.162,2493.265,2019-03-19 05:00:00
439,1.205,7.663,2154.758,2019-03-19 06:00:00
440,1.205,8.939,3011.926,2019-03-19 07:00:00
441,1.208,9.613,3423.862,2019-03-19 08:00:00
442,1.213,9.427,3317.084,2019-03-19 09:00:00
443,1.219,9.615,3425.171,2019-03-19 10:00:00
444,1.223,10.138,3707.852,2019-03-19 11:00:00
445,1.228,10.517,3890.353,2019-03-19 12:00:00
446,1.232,10.588,3923.095,2019-03-19 13:00:00
447,1.235,9.97,3621.291,2019-03-19 14:00:00
448,1.239,10.058,3667.032,2019-03-19 15:00:00
449,1.243,11.133,4144.522,2019-03-19 16:00:00
450,1.248,11.631,4313.996,2019-03-19 17:00:00
451,1.252,11.304,4206.293,2019-03-19 18:00:00
452,1.256,10.819,4021.228,2019-03-19 19:00:00
453,1.26,9.744,3501.756,2019-03-19 20:00:00
454,1.264,8.782,2914.96,2019-03-19 21:00:00
455,1.267,8.358,2626.745,2019-03-19 22:00:00
456,1.266,7.874,2297.027,2019-03-19 23:00:00
457,1.263,7.313,1910.186,2019-03-20 00:00:00
458,1.259,7.023,1718.593,2019-03-20 01:00:00
459,1.255,6.594,1449.519,2019-03-20 02:00:00
460,1.251,6.223,1229.617,2019-03-20 03:00:00
461,1.249,6.358,1307.072,2019-03-20 04:00:00
462,1.247,6.418,1345.801,2019-03-20 05:00:00
463,1.247,6.96,1683.598,2019-03-20 06:00:00
464,1.249,6.703,1516.408,2019-03-20 07:00:00
465,1.251,6.001,1105.758,2019-03-20 08:00:00
466,1.255,5.375,793.524,2019-03-20 09:00:00
467,1.258,5.404,806.888,2019-03-20 10:00:00
468,1.26,6.123,1172.144,2019-03-20 11:00:00
469,1.262,6.163,1196.124,2019-03-20 12:00:00
470,1.264,5.255,739.783,2019-03-20 13:00:00
471,1.266,5.097,672.187,2019-03-20 14:00:00
472,1.268,5.093,670.394,2019-03-20 15:00:00
473,1.27,5.121,682.124,2019-03-20 16:00:00
474,1.271,6.148,1185.764,2019-03-20 17:00:00
475,1.272,6.581,1444.37,2019-03-20 18:00:00
476,1.273,6.458,1369.28,2019-03-20 19:00:00
477,1.274,6.364,1311.371,2019-03-20 20:00:00
478,1.276,6.366,1314.059,2019-03-20 21:00:00
479,1.276,6.552,1421.539,2019-03-20 22:00:00
480,1.275,7.073,1752.666,2019-03-20 23:00:00
481,1.273,7.365,1948.174,2019-03-21 00:00:00
482,1.27,7.75,2207.831,2019-03-21 01:00:00
483,1.267,7.596,2105.759,2019-03-21 02:00:00
484,1.265,7.67,2159.372,2019-03-21 03:00:00
485,1.263,7.834,2269.467,2019-03-21 04:00:00
486,1.262,8.074,2433.377,2019-03-21 05:00:00
487,1.262,8.248,2551.616,2019-03-21 06:00:00
488,1.263,8.582,2782.215,2019-03-21 07:00:00
489,1.265,8.875,2970.149,2019-03-21 08:00:00
490,1.267,9.02,3064.08,2019-03-21 09:00:00
491,1.269,9.092,3109.762,2019-03-21 10:00:00
492,1.272,9.32,3251.097,2019-03-21 11:00:00
493,1.274,9.507,3366.639,2019-03-21 12:00:00
494,1.276,9.559,3392.943,2019-03-21 13:00:00
495,1.277,9.488,3356.304,2019-03-21 14:00:00
496,1.28,9.321,3251.67,2019-03-21 15:00:00
497,1.282,9.011,3063.956,2019-03-21 16:00:00
498,1.285,8.563,2766.331,2019-03-21 17:00:00
499,1.287,8.726,2872.582,2019-03-21 18:00:00
500,1.289,8.916,3000.966,2019-03-21 19:00:00
501,1.291,8.917,3002.712,2019-03-21 20:00:00
502,1.294,8.605,2792.108,2019-03-21 21:00:00
503,1.293,8.114,2460.488,2019-03-21 22:00:00
504,1.287,7.627,2125.226,2019-03-21 23:00:00
505,1.281,7.26,1880.67,2019-03-22 00:00:00
506,1.276,6.727,1533.388,2019-03-22 01:00:00
507,1.271,6.406,1333.873,2019-03-22 02:00:00
508,1.268,6.561,1426.99,2019-03-22 03:00:00
509,1.266,6.43,1348.826,2019-03-22 04:00:00
510,1.265,6.102,1164.501,2019-03-22 05:00:00
511,1.264,6.763,1556.011,2019-03-22 06:00:00
512,1.265,7.636,2133.318,2019-03-22 07:00:00
513,1.266,7.444,2002.468,2019-03-22 08:00:00
514,1.268,7.477,2020.993,2019-03-22 09:00:00
515,1.271,7.937,2336.499,2019-03-22 10:00:00
516,1.274,8.326,2610.379,2019-03-22 11:00:00
517,1.276,8.551,2762.087,2019-03-22 12:00:00
518,1.278,8.582,2782.216,2019-03-22 13:00:00
519,1.28,8.318,2603.662,2019-03-22 14:00:00
520,1.282,7.841,2271.474,2019-03-22 15:00:00
521,1.284,6.602,1456.617,2019-03-22 16:00:00
522,1.286,5.386,798.212,2019-03-22 17:00:00
523,1.288,4.486,442.41,2019-03-22 18:00:00
524,1.289,3.497,175.155,2019-03-22 19:00:00
525,1.291,2.901,73.103,2019-03-22 20:00:00
526,1.293,2.762,56.626,2019-03-22 21:00:00
527,1.293,2.68,48.148,2019-03-22 22:00:00
528,1.288,2.726,53.624,2019-03-22 23:00:00
529,1.282,3.25,125.923,2019-03-23 00:00:00
530,1.278,4.071,314.272,2019-03-23 01:00:00
531,1.274,5.004,633.839,2019-03-23 02:00:00
532,1.27,5.825,1012.115,2019-03-23 03:00:00
533,1.266,6.546,1417.959,2019-03-23 04:00:00
534,1.262,6.76,1555.931,2019-03-23 05:00:00
535,1.259,6.627,1469.072,2019-03-23 06:00:00
536,1.257,7.973,2361.046,2019-03-23 07:00:00
537,1.256,8.991,3051.171,2019-03-23 08:00:00
538,1.257,9.757,3505.23,2019-03-23 09:00:00
539,1.259,10.267,3772.421,2019-03-23 10:00:00
540,1.261,10.49,3882.848,2019-03-23 11:00:00
541,1.263,10.481,3873.887,2019-03-23 12:00:00
542,1.264,10.263,3770.51,2019-03-23 13:00:00
543,1.265,9.722,3485.977,2019-03-23 14:00:00
544,1.266,8.654,2828.966,2019-03-23 15:00:00
545,1.266,6.462,1371.894,2019-03-23 16:00:00
546,1.266,4.379,410.145,2019-03-23 17:00:00
547,1.266,2.812,62.185,2019-03-23 18:00:00
548,1.266,2.647,44.975,2019-03-23 19:00:00
549,1.265,4.286,380.651,2019-03-23 20:00:00
550,1.265,6.184,1208.537,2019-03-23 21:00:00
551,1.264,7.245,1867.876,2019-03-23 22:00:00
552,1.257,7.844,2274.887,2019-03-23 23:00:00
553,1.247,8.266,2565.295,2019-03-24 00:00:00
554,1.238,8.059,2421.106,2019-03-24 01:00:00
555,1.231,7.657,2150.381,2019-03-24 02:00:00
556,1.226,7.683,2161.676,2019-03-24 03:00:00
557,1.222,8.272,2567.882,2019-03-24 04:00:00
558,1.219,8.138,2474.589,2019-03-24 05:00:00
559,1.218,7.886,2301.088,2019-03-24 06:00:00
560,1.218,8.221,2531.931,2019-03-24 07:00:00
561,1.22,7.758,2218.696,2019-03-24 08:00:00
562,1.222,7.202,1836.196,2019-03-24 09:00:00
563,1.226,7.048,1734.82,2019-03-24 10:00:00
564,1.229,7.308,1906.836,2019-03-24 11:00:00
565,1.231,7.358,1941.722,2019-03-24 12:00:00
566,1.234,6.862,1615.759,2019-03-24 13:00:00
567,1.236,6.107,1164.678,2019-03-24 14:00:00
568,1.238,5.373,792.381,2019-03-24 15:00:00
569,1.241,5.198,718.0,2019-03-24 16:00:00
570,1.243,5.858,1029.143,2019-03-24 17:00:00
571,1.245,6.204,1219.307,2019-03-24 18:00:00
572,1.248,6.052,1136.978,2019-03-24 19:00:00
573,1.25,5.514,857.908,2019-03-24 20:00:00
574,1.252,4.702,517.993,2019-03-24 21:00:00
575,1.252,3.88,264.875,2019-03-24 22:00:00
576,1.247,3.107,102.207,2019-03-24 23:00:00
577,1.238,2.327,21.617,2019-03-25 00:00:00
578,1.23,1.666,2.138,2019-03-25 01:00:00
579,1.226,1.341,0.389,2019-03-25 02:00:00
580,1.224,1.593,1.505,2019-03-25 03:00:00
581,1.223,2.538,36.129,2019-03-25 04:00:00
582,1.223,4.065,312.463,2019-03-25 05:00:00
583,1.225,5.588,894.41,2019-03-25 06:00:00
584,1.227,5.564,886.523,2019-03-25 07:00:00
585,1.231,6.515,1399.44,2019-03-25 08:00:00
586,1.236,8.698,2855.526,2019-03-25 09:00:00
587,1.241,10.245,3761.302,2019-03-25 10:00:00
588,1.246,11.78,4361.811,2019-03-25 11:00:00
589,1.25,12.746,4597.088,2019-03-25 12:00:00
590,1.254,12.635,4573.184,2019-03-25 13:00:00
591,1.257,12.449,4532.325,2019-03-25 14:00:00
592,1.26,11.886,4389.17,2019-03-25 15:00:00
593,1.263,10.413,3843.355,2019-03-25 16:00:00
594,1.265,9.08,3101.779,2019-03-25 17:00:00
595,1.268,8.97,3031.524,2019-03-25 18:00:00
596,1.271,9.22,3189.333,2019-03-25 19:00:00
597,1.273,9.357,3273.114,2019-03-25 20:00:00
598,1.276,8.814,2930.788,2019-03-25 21:00:00
599,1.276,8.296,2587.393,2019-03-25 22:00:00
600,1.272,8.997,3051.1,2019-03-25 23:00:00
601,1.267,9.448,3328.958,2019-03-26 00:00:00
602,1.264,9.355,3272.146,2019-03-26 01:00:00
603,1.261,8.952,3020.553,2019-03-26 02:00:00
604,1.258,8.219,2530.23,2019-03-26 03:00:00
605,1.256,8.244,2551.591,2019-03-26 04:00:00
606,1.254,8.428,2674.323,2019-03-26 05:00:00
607,1.254,7.415,1982.517,2019-03-26 06:00:00
608,1.254,8.556,2762.077,2019-03-26 07:00:00
609,1.255,9.689,3473.189,2019-03-26 08:00:00
610,1.257,9.8,3529.067,2019-03-26 09:00:00
611,1.26,10.129,3703.384,2019-03-26 10:00:00
612,1.262,10.529,3895.479,2019-03-26 11:00:00
613,1.264,10.733,3986.568,2019-03-26 12:00:00
614,1.266,10.79,4009.324,2019-03-26 13:00:00
615,1.268,10.573,3916.492,2019-03-26 14:00:00
616,1.271,10.097,3691.344,2019-03-26 15:00:00
617,1.274,9.053,3089.373,2019-03-26 16:00:00
618,1.277,7.906,2317.723,2019-03-26 17:00:00
619,1.28,7.582,2097.761,2019-03-26 18:00:00
620,1.283,7.587,2097.873,2019-03-26 19:00:00
621,1.285,7.487,2031.917,2019-03-26 20:00:00
622,1.287,7.48,2023.528,2019-03-26 21:00:00
623,1.286,7.289,1894.728,2019-03-26 22:00:00
624,1.278,7.051,1736.571,2019-03-26 23:00:00
625,1.271,6.714,1524.721,2019-03-27 00:00:00
626,1.266,6.64,1475.278,2019-03-27 01:00:00
627,1.262,6.68,1500.014,2019-03-27 02:00:00
628,1.258,6.287,1265.016,2019-03-27 03:00:00
629,1.255,6.152,1188.232,2019-03-27 04:00:00
630,1.253,5.903,1052.811,2019-03-27 05:00:00
631,1.252,4.443,428.214,2019-03-27 06:00:00
632,1.252,6.071,1143.797,2019-03-27 07:00:00
633,1.253,7.077,1757.407,2019-03-27 08:00:00
634,1.256,7.874,2297.016,2019-03-27 09:00:00
635,1.259,8.631,2809.79,2019-03-27 10:00:00
636,1.261,9.423,3317.173,2019-03-27 11:00:00
637,1.264,10.155,3719.316,2019-03-27 12:00:00
638,1.266,10.759,4000.158,2019-03-27 13:00:00
639,1.267,11.064,4118.385,2019-03-27 14:00:00
640,1.27,10.908,4058.416,2019-03-27 15:00:00
641,1.273,9.649,3450.014,2019-03-27 16:00:00
642,1.275,8.378,2638.863,2019-03-27 17:00:00
643,1.278,8.404,2660.74,2019-03-27 18:00:00
644,1.28,7.969,2358.703,2019-03-27 19:00:00
645,1.282,7.616,2119.884,2019-03-27 20:00:00
646,1.284,7.015,1716.184,2019-03-27 21:00:00
647,1.283,6.696,1512.313,2019-03-27 22:00:00
648,1.275,6.332,1295.215,2019-03-27 23:00:00
649,1.268,5.991,1099.581,2019-03-28 00:00:00
650,1.264,5.852,1025.954,2019-03-28 01:00:00
651,1.26,5.948,1080.524,2019-03-28 02:00:00
652,1.258,6.205,1221.011,2019-03-28 03:00:00
653,1.256,6.079,1151.912,2019-03-28 04:00:00
654,1.255,5.631,914.273,2019-03-28 05:00:00
655,1.255,3.989,291.593,2019-03-28 06:00:00
656,1.255,5.659,928.413,2019-03-28 07:00:00
657,1.256,7.394,1970.963,2019-03-28 08:00:00
658,1.258,7.616,2119.325,2019-03-28 09:00:00
659,1.26,7.623,2125.143,2019-03-28 10:00:00
660,1.262,7.616,2119.875,2019-03-28 11:00:00
661,1.264,7.666,2156.794,2019-03-28 12:00:00
662,1.265,7.766,2221.312,2019-03-28 13:00:00
663,1.267,7.681,2159.944,2019-03-28 14:00:00
664,1.269,7.379,1955.227,2019-03-28 15:00:00
665,1.271,6.577,1440.825,2019-03-28 16:00:00
666,1.273,5.629,913.301,2019-03-28 17:00:00
667,1.275,4.679,509.559,2019-03-28 18:00:00
668,1.277,3.48,171.679,2019-03-28 19:00:00
669,1.28,2.384,24.521,2019-03-28 20:00:00
670,1.282,1.564,1.353,2019-03-28 21:00:00
671,1.282,1.373,0.485,2019-03-28 22:00:00
672,1.275,1.611,1.644,2019-03-28 23:00:00
673,1.265,1.817,4.12,2019-03-29 00:00:00
674,1.26,2.07,10.195,2019-03-29 01:00:00
675,1.257,2.384,24.498,2019-03-29 02:00:00
676,1.255,2.709,51.917,2019-03-29 03:00:00
677,1.253,3.112,103.349,2019-03-29 04:00:00
678,1.251,3.649,206.663,2019-03-29 05:00:00
679,1.25,3.81,244.907,2019-03-29 06:00:00
680,1.25,2.262,17.72,2019-03-29 07:00:00
681,1.251,1.611,1.646,2019-03-29 08:00:00
682,1.252,1.831,4.243,2019-03-29 09:00:00
683,1.255,2.062,9.917,2019-03-29 10:00:00
684,1.258,2.164,13.337,2019-03-29 11:00:00
685,1.26,2.056,9.734,2019-03-29 12:00:00
686,1.262,1.792,3.729,2019-03-29 13:00:00
687,1.264,1.355,0.419,2019-03-29 14:00:00
688,1.266,1.012,0.031,2019-03-29 15:00:00
689,1.268,2.129,11.974,2019-03-29 16:00:00
690,1.27,4.311,385.544,2019-03-29 17:00:00
691,1.272,5.827,1013.023,2019-03-29 18:00:00
692,1.274,6.32,1283.694,2019-03-29 19:00:00
693,1.276,6.278,1259.589,2019-03-29 20:00:00
694,1.278,6.019,1115.411,2019-03-29 21:00:00
695,1.277,5.895,1048.463,2019-03-29 22:00:00
696,1.27,5.822,1010.837,2019-03-29 23:00:00
697,1.26,5.553,880.993,2019-03-30 00:00:00
698,1.255,5.288,758.475,2019-03-30 01:00:00
699,1.252,5.242,734.053,2019-03-30 02:00:00
700,1.249,5.303,765.072,2019-03-30 03:00:00
701,1.247,5.704,955.396,2019-03-30 04:00:00
702,1.245,6.013,1115.201,2019-03-30 05:00:00
703,1.245,5.488,845.729,2019-03-30 06:00:00
704,1.245,5.481,842.601,2019-03-30 07:00:00
705,1.247,4.854,574.967,2019-03-30 08:00:00
706,1.25,4.112,326.155,2019-03-30 09:00:00
707,1.253,3.811,245.173,2019-03-30 10:00:00
708,1.255,4.046,307.282,2019-03-30 11:00:00
709,1.258,4.533,461.535,2019-03-30 12:00:00
710,1.26,5.105,675.343,2019-03-30 13:00:00
711,1.262,5.614,906.05,2019-03-30 14:00:00
712,1.264,5.929,1066.632,2019-03-30 15:00:00
713,1.266,5.877,1039.247,2019-03-30 16:00:00
714,1.268,6.446,1360.092,2019-03-30 17:00:00
715,1.27,7.017,1716.237,2019-03-30 18:00:00
716,1.272,6.801,1575.781,2019-03-30 19:00:00
717,1.274,6.606,1456.769,2019-03-30 20:00:00
718,1.276,6.441,1359.96,2019-03-30 21:00:00
719,1.275,6.332,1295.226,2019-03-30 22:00:00
720,1.269,6.316,1281.445,2019-03-30 23:00:00
721,1.261,6.21,1225.781,2019-03-31 00:00:00
722,1.258,5.995,1101.85,2019-03-31 01:00:00
723,1.256,5.752,974.596,2019-03-31 02:00:00
724,1.254,5.473,838.789,2019-03-31 03:00:00
725,1.253,5.244,735.014,2019-03-31 04:00:00
726,1.252,4.813,561.608,2019-03-31 05:00:00
727,1.251,3.038,91.888,2019-03-31 06:00:00
728,1.252,2.903,73.315,2019-03-31 07:00:00
729,1.253,3.53,180.236,2019-03-31 08:00:00
730,1.255,3.862,258.558,2019-03-31 09:00:00
731,1.256,4.265,371.43,2019-03-31 10:00:00
732,1.258,4.893,589.724,2019-03-31 11:00:00
733,1.26,5.581,894.181,2019-03-31 12:00:00
734,1.262,6.093,1156.635,2019-03-31 13:00:00
735,1.264,6.358,1307.073,2019-03-31 14:00:00
736,1.266,6.333,1295.246,2019-03-31 15:00:00
737,1.268,5.706,956.232,2019-03-31 16:00:00
738,1.27,4.957,614.977,2019-03-31 17:00:00
739,1.272,4.868,582.946,2019-03-31 18:00:00
740,1.274,4.695,515.233,2019-03-31 19:00:00
741,1.276,4.538,463.075,2019-03-31 20:00:00
742,1.278,4.512,451.302,2019-03-31 21:00:00
743,1.277,4.634,496.899,2019-03-31 22:00:00
744,1.269,4.905,594.637,2019-03-31 23:00:00
745,1.261,5.083,666.473,2019-04-01 00:00:00
746,1.257,5.261,742.414,2019-04-01 01:00:00
747,1.254,5.354,783.716,2019-04-01 02:00:00
748,1.253,5.32,772.651,2019-04-01 03:00:00
749,1.252,5.171,703.265,2019-04-01 04:00:00
750,1.251,4.937,607.354,2019-04-01 05:00:00
751,1.25,3.593,193.879,2019-04-01 06:00:00
752,1.25,4.05,308.416,2019-04-01 07:00:00
753,1.252,5.488,845.807,2019-04-01 08:00:00
754,1.253,6.129,1175.449,2019-04-01 09:00:00
755,1.255,6.704,1517.61,2019-04-01 10:00:00
756,1.258,7.057,1740.545,2019-04-01 11:00:00
757,1.26,7.222,1849.565,2019-04-01 12:00:00
758,1.261,7.295,1898.183,2019-04-01 13:00:00
759,1.263,7.329,1926.124,2019-04-01 14:00:00
760,1.266,7.23,1855.302,2019-04-01 15:00:00
761,1.268,6.426,1348.227,2019-04-01 16:00:00
762,1.271,6.781,1563.371,2019-04-01 17:00:00
763,1.274,7.449,2002.576,2019-04-01 18:00:00
764,1.276,7.467,2014.387,2019-04-01 19:00:00
765,1.279,7.109,1775.204,2019-04-01 20:00:00
766,1.281,6.657,1485.564,2019-04-01 21:00:00
767,1.279,6.301,1272.634,2019-04-01 22:00:00
768,1.269,5.962,1089.142,2019-04-01 23:00:00
769,1.26,5.746,971.536,2019-04-02 00:00:00
770,1.254,5.692,945.911,2019-04-02 01:00:00
771,1.25,5.742,969.636,2019-04-02 02:00:00
772,1.246,5.82,1009.823,2019-04-02 03:00:00
773,1.243,6.033,1126.076,2019-04-02 04:00:00
774,1.24,6.258,1252.584,2019-04-02 05:00:00
775,1.239,4.948,611.591,2019-04-02 06:00:00
776,1.238,5.953,1084.303,2019-04-02 07:00:00
777,1.238,7.515,2050.061,2019-04-02 08:00:00
778,1.24,7.651,2146.382,2019-04-02 09:00:00
779,1.242,7.304,1904.381,2019-04-02 10:00:00
780,1.245,6.891,1638.538,2019-04-02 11:00:00
781,1.247,6.684,1505.179,2019-04-02 12:00:00
782,1.249,6.798,1573.872,2019-04-02 13:00:00
783,1.25,7.153,1808.017,2019-04-02 14:00:00
784,1.252,7.513,2050.025,2019-04-02 15:00:00
785,1.255,6.881,1627.399,2019-04-02 16:00:00
786,1.257,7.095,1769.025,2019-04-02 17:00:00
787,1.259,8.276,2573.924,2019-04-02 18:00:00
788,1.261,8.774,2906.63,2019-04-02 19:00:00
789,1.263,8.753,2892.269,2019-04-02 20:00:00
790,1.264,8.525,2741.897,2019-04-02 21:00:00
791,1.26,8.406,2660.744,2019-04-02 22:00:00
792,1.25,7.982,2369.388,2019-04-02 23:00:00
793,1.237,7.461,2009.787,2019-04-03 00:00:00
794,1.226,7.636,2133.471,2019-04-03 01:00:00
795,1.218,8.02,2393.571,2019-04-03 02:00:00
796,1.213,8.022,2395.78,2019-04-03 03:00:00
797,1.209,7.469,2015.353,2019-04-03 04:00:00
798,1.206,7.107,1775.156,2019-04-03 05:00:00
799,1.205,5.391,800.944,2019-04-03 06:00:00
800,1.205,6.096,1160.05,2019-04-03 07:00:00
801,1.207,7.083,1761.905,2019-04-03 08:00:00
802,1.211,7.973,2361.405,2019-04-03 09:00:00
803,1.216,8.638,2814.227,2019-04-03 10:00:00
804,1.221,8.666,2837.012,2019-04-03 11:00:00
805,1.226,8.585,2782.208,2019-04-03 12:00:00
806,1.229,8.891,2981.146,2019-04-03 13:00:00
807,1.232,9.013,3063.926,2019-04-03 14:00:00
808,1.235,8.118,2466.087,2019-04-03 15:00:00
809,1.238,9.389,3292.244,2019-04-03 16:00:00
810,1.24,11.762,4356.157,2019-04-03 17:00:00
811,1.242,11.765,4355.995,2019-04-03 18:00:00
812,1.244,10.506,3885.112,2019-04-03 19:00:00
813,1.245,10.004,3638.89,2019-04-03 20:00:00
814,1.244,9.56,3393.653,2019-04-03 21:00:00
815,1.242,8.476,2705.512,2019-04-03 22:00:00
816,1.236,7.82,2256.447,2019-04-03 23:00:00
817,1.228,6.842,1602.737,2019-04-04 00:00:00
818,1.221,5.927,1065.624,2019-04-04 01:00:00
819,1.217,4.409,419.882,2019-04-04 02:00:00
820,1.213,3.107,102.234,2019-04-04 03:00:00
821,1.211,1.66,2.119,2019-04-04 04:00:00
822,1.21,0.946,0.018,2019-04-04 05:00:00
823,1.21,2.589,39.786,2019-04-04 06:00:00
824,1.211,4.057,310.143,2019-04-04 07:00:00
825,1.212,4.835,567.481,2019-04-04 08:00:00
826,1.215,5.743,970.428,2019-04-04 09:00:00
827,1.218,5.853,1026.765,2019-04-04 10:00:00
828,1.22,5.629,913.518,2019-04-04 11:00:00
829,1.223,5.307,766.769,2019-04-04 12:00:00
830,1.225,4.977,622.971,2019-04-04 13:00:00
831,1.226,4.758,538.518,2019-04-04 14:00:00
832,1.228,4.901,593.165,2019-04-04 15:00:00
833,1.23,5.931,1067.62,2019-04-04 16:00:00
834,1.231,7.071,1749.746,2019-04-04 17:00:00
835,1.233,7.486,2030.541,2019-04-04 18:00:00
836,1.234,7.582,2097.768,2019-04-04 19:00:00
837,1.236,7.478,2021.537,2019-04-04 20:00:00
838,1.237,7.156,1808.113,2019-04-04 21:00:00
839,1.236,6.792,1570.392,2019-04-04 22:00:00
840,1.231,6.425,1348.189,2019-04-04 23:00:00
841,1.226,6.079,1152.362,2019-04-05 00:00:00
842,1.221,5.92,1061.956,2019-04-05 01:00:00
843,1.219,5.904,1053.522,2019-04-05 02:00:00
844,1.217,5.977,1097.451,2019-04-05 03:00:00
845,1.215,6.063,1138.692,2019-04-05 04:00:00
846,1.214,5.767,982.405,2019-04-05 05:00:00
847,1.213,5.182,708.256,2019-04-05 06:00:00
848,1.213,5.862,1031.138,2019-04-05 07:00:00
849,1.215,6.801,1575.964,2019-04-05 08:00:00
850,1.217,6.888,1636.517,2019-04-05 09:00:00
851,1.221,6.381,1319.425,2019-04-05 10:00:00
852,1.224,6.077,1150.28,2019-04-05 11:00:00
853,1.227,6.565,1429.17,2019-04-05 12:00:00
854,1.23,7.414,1980.709,2019-04-05 13:00:00
855,1.232,8.203,2519.377,2019-04-05 14:00:00
856,1.234,8.418,2670.928,2019-04-05 15:00:00
857,1.237,7.863,2287.293,2019-04-05 16:00:00
858,1.239,8.592,2783.321,2019-04-05 17:00:00
859,1.241,9.191,3177.263,2019-04-05 18:00:00
860,1.243,8.803,2928.077,2019-04-05 19:00:00
861,1.245,8.458,2692.955,2019-04-05 20:00:00
862,1.246,7.699,2172.814,2019-04-05 21:00:00
863,1.242,7.247,1867.931,2019-04-05 22:00:00
864,1.233,6.912,1647.145,2019-04-05 23:00:00
865,1.223,6.648,1480.233,2019-04-06 00:00:00
866,1.219,6.684,1504.822,2019-04-06 01:00:00
867,1.217,6.146,1185.008,2019-04-06 02:00:00
868,1.216,5.341,778.051,2019-04-06 03:00:00
869,1.216,4.705,519.137,2019-04-06 04:00:00
870,1.217,4.007,296.281,2019-04-06 05:00:00
871,1.218,3.134,106.465,2019-04-06 06:00:00
872,1.22,4.034,305.367,2019-04-06 07:00:00
873,1.222,6.237,1241.712,2019-04-06 08:00:00
874,1.225,6.311,1278.86,2019-04-06 09:00:00
875,1.227,6.057,1137.133,2019-04-06 10:00:00
876,1.23,6.226,1233.327,2019-04-06 11:00:00
877,1.231,6.761,1555.962,2019-04-06 12:00:00
878,1.233,7.364,1947.597,2019-04-06 13:00:00
879,1.234,7.798,2240.571,2019-04-06 14:00:00
880,1.236,7.796,2239.322,2019-04-06 15:00:00
881,1.238,7.231,1855.395,2019-04-06 16:00:00
882,1.241,7.722,2188.465,2019-04-06 17:00:00
883,1.242,8.962,3027.002,2019-04-06 18:00:00
884,1.244,8.812,2929.488,2019-04-06 19:00:00
885,1.246,8.547,2758.084,2019-04-06 20:00:00
886,1.247,8.074,2433.603,2019-04-06 21:00:00
887,1.244,7.489,2035.092,2019-04-06 22:00:00
888,1.236,6.772,1557.771,2019-04-06 23:00:00
889,1.229,6.358,1307.086,2019-04-07 00:00:00
890,1.225,6.054,1137.027,2019-04-07 01:00:00
891,1.223,5.676,936.777,2019-04-07 02:00:00
892,1.222,5.346,780.315,2019-04-07 03:00:00
893,1.222,5.06,660.849,2019-04-07 04:00:00
894,1.222,4.432,424.621,2019-04-07 05:00:00
895,1.223,3.697,219.195,2019-04-07 06:00:00
896,1.224,4.996,630.758,2019-04-07 07:00:00
897,1.226,5.603,900.686,2019-04-07 08:00:00
898,1.228,5.352,783.186,2019-04-07 09:00:00
899,1.23,5.602,900.089,2019-04-07 10:00:00
900,1.232,6.213,1226.23,2019-04-07 11:00:00
901,1.234,6.76,1555.941,2019-04-07 12:00:00
902,1.236,7.019,1716.297,2019-04-07 13:00:00
903,1.237,6.851,1612.95,2019-04-07 14:00:00
904,1.239,6.1,1164.237,2019-04-07 15:00:00
905,1.241,5.025,644.679,2019-04-07 16:00:00
906,1.243,4.935,606.41,2019-04-07 17:00:00
907,1.246,4.873,585.665,2019-04-07 18:00:00
908,1.248,4.698,516.398,2019-04-07 19:00:00
909,1.25,4.547,464.055,2019-04-07 20:00:00
910,1.252,4.512,451.064,2019-04-07 21:00:00
911,1.249,4.515,452.086,2019-04-07 22:00:00
912,1.24,4.639,498.419,2019-04-07 23:00:00
913,1.233,4.747,534.351,2019-04-08 00:00:00
914,1.23,4.859,576.715,2019-04-08 01:00:00
915,1.228,4.841,569.835,2019-04-08 02:00:00
916,1.227,4.795,555.678,2019-04-08 03:00:00
917,1.226,4.729,527.853,2019-04-08 04:00:00
918,1.225,4.329,391.409,2019-04-08 05:00:00
919,1.225,2.621,42.599,2019-04-08 06:00:00
920,1.225,4.737,530.745,2019-04-08 07:00:00
921,1.226,5.645,921.301,2019-04-08 08:00:00
922,1.228,6.071,1143.652,2019-04-08 09:00:00
923,1.232,6.518,1401.217,2019-04-08 10:00:00
924,1.235,7.004,1708.95,2019-04-08 11:00:00
925,1.239,7.26,1880.902,2019-04-08 12:00:00
926,1.242,7.402,1975.336,2019-04-08 13:00:00
927,1.244,7.429,1989.023,2019-04-08 14:00:00
928,1.247,7.09,1762.087,2019-04-08 15:00:00
929,1.251,6.586,1444.52,2019-04-08 16:00:00
930,1.254,7.297,1899.587,2019-04-08 17:00:00
931,1.257,8.039,2407.333,2019-04-08 18:00:00
932,1.259,8.193,2512.289,2019-04-08 19:00:00
933,1.262,7.929,2331.542,2019-04-08 20:00:00
934,1.263,7.295,1898.372,2019-04-08 21:00:00
935,1.259,6.329,1293.964,2019-04-08 22:00:00
936,1.246,5.474,839.368,2019-04-08 23:00:00
937,1.234,4.874,586.081,2019-04-09 00:00:00
938,1.229,4.57,471.011,2019-04-09 01:00:00
939,1.226,4.519,453.543,2019-04-09 02:00:00
940,1.224,4.587,476.876,2019-04-09 03:00:00
941,1.222,4.636,497.507,2019-04-09 04:00:00
942,1.22,4.309,384.944,2019-04-09 05:00:00
943,1.219,2.561,38.055,2019-04-09 06:00:00
944,1.219,4.446,429.019,2019-04-09 07:00:00
945,1.22,5.335,775.165,2019-04-09 08:00:00
946,1.222,5.856,1028.277,2019-04-09 09:00:00
947,1.224,6.469,1372.136,2019-04-09 10:00:00
948,1.227,6.749,1549.244,2019-04-09 11:00:00
949,1.229,6.708,1522.108,2019-04-09 12:00:00
950,1.231,6.48,1383.318,2019-04-09 13:00:00
951,1.233,5.982,1098.952,2019-04-09 14:00:00
952,1.235,5.305,765.924,2019-04-09 15:00:00
953,1.237,4.278,377.714,2019-04-09 16:00:00
954,1.239,3.428,159.233,2019-04-09 17:00:00
955,1.241,2.741,54.401,2019-04-09 18:00:00
956,1.243,2.208,15.52,2019-04-09 19:00:00
957,1.245,1.934,6.239,2019-04-09 20:00:00
958,1.246,1.923,6.0,2019-04-09 21:00:00
959,1.245,2.029,8.907,2019-04-09 22:00:00
960,1.235,2.127,11.904,2019-04-09 23:00:00
961,1.223,2.193,14.628,2019-04-10 00:00:00
962,1.217,2.322,21.283,2019-04-10 01:00:00
963,1.213,2.481,31.616,2019-04-10 02:00:00
964,1.211,2.581,39.664,2019-04-10 03:00:00
965,1.21,2.631,43.481,2019-04-10 04:00:00
966,1.208,2.949,80.29,2019-04-10 05:00:00
967,1.208,2.307,20.493,2019-04-10 06:00:00
968,1.208,3.004,86.954,2019-04-10 07:00:00
969,1.209,3.765,233.836,2019-04-10 08:00:00
970,1.211,4.041,305.818,2019-04-10 09:00:00
971,1.214,4.498,446.356,2019-04-10 10:00:00
972,1.217,5.006,634.956,2019-04-10 11:00:00
973,1.22,5.274,749.636,2019-04-10 12:00:00
974,1.223,5.394,802.016,2019-04-10 13:00:00
975,1.225,5.416,812.295,2019-04-10 14:00:00
976,1.228,5.173,704.184,2019-04-10 15:00:00
977,1.231,4.459,433.45,2019-04-10 16:00:00
978,1.233,3.712,223.137,2019-04-10 17:00:00
979,1.236,3.169,112.145,2019-04-10 18:00:00
980,1.237,2.784,59.985,2019-04-10 19:00:00
981,1.239,2.471,30.923,2019-04-10 20:00:00
982,1.241,2.317,21.047,2019-04-10 21:00:00
983,1.239,2.332,21.872,2019-04-10 22:00:00
984,1.229,2.36,23.054,2019-04-10 23:00:00
985,1.215,2.481,31.619,2019-04-11 00:00:00
986,1.208,2.72,53.021,2019-04-11 01:00:00
987,1.204,3.0,86.373,2019-04-11 02:00:00
988,1.201,3.29,133.074,2019-04-11 03:00:00
989,1.198,3.611,198.133,2019-04-11 04:00:00
990,1.196,4.046,307.176,2019-04-11 05:00:00
991,1.194,3.203,119.218,2019-04-11 06:00:00
992,1.194,3.423,158.187,2019-04-11 07:00:00
993,1.194,5.189,711.209,2019-04-11 08:00:00
994,1.196,5.455,834.783,2019-04-11 09:00:00
995,1.199,5.609,903.883,2019-04-11 10:00:00
996,1.202,5.587,894.389,2019-04-11 11:00:00
997,1.205,5.568,888.565,2019-04-11 12:00:00
998,1.208,5.642,919.685,2019-04-11 13:00:00
999,1.211,5.57,889.233,2019-04-11 14:00:00
1000,1.215,5.171,703.394,2019-04-11 15:00:00
1001,1.219,4.095,320.882,2019-04-11 16:00:00
1002,1.222,2.389,24.844,2019-04-11 17:00:00
1003,1.225,1.619,1.747,2019-04-11 18:00:00
1004,1.228,2.487,31.705,2019-04-11 19:00:00
1005,1.231,3.836,251.36,2019-04-11 20:00:00
1006,1.232,5.074,664.898,2019-04-11 21:00:00
1007,1.23,6.113,1166.424,2019-04-11 22:00:00
1008,1.22,6.99,1702.991,2019-04-11 23:00:00
1009,1.205,7.647,2143.311,2019-04-12 00:00:00
1010,1.195,8.244,2551.59,2019-04-12 01:00:00
1011,1.189,8.595,2785.585,2019-04-12 02:00:00
1012,1.186,8.814,2930.758,2019-04-12 03:00:00
1013,1.183,8.866,2964.289,2019-04-12 04:00:00
1014,1.181,7.775,2227.899,2019-04-12 05:00:00
1015,1.18,4.766,541.679,2019-04-12 06:00:00
1016,1.179,4.54,463.808,2019-04-12 07:00:00
1017,1.181,5.688,942.624,2019-04-12 08:00:00
1018,1.184,6.994,1703.136,2019-04-12 09:00:00
1019,1.189,8.3,2592.4,2019-04-12 10:00:00
1020,1.195,8.837,2947.67,2019-04-12 11:00:00
1021,1.2,9.13,3133.373,2019-04-12 12:00:00
1022,1.205,9.214,3185.675,2019-04-12 13:00:00
1023,1.208,9.055,3089.335,2019-04-12 14:00:00
1024,1.212,8.673,2842.273,2019-04-12 15:00:00
1025,1.216,7.607,2111.548,2019-04-12 16:00:00
1026,1.22,8.975,3034.892,2019-04-12 17:00:00
1027,1.223,10.986,4091.313,2019-04-12 18:00:00
1028,1.226,11.57,4294.713,2019-04-12 19:00:00
1029,1.229,11.006,4099.032,2019-04-12 20:00:00
1030,1.232,10.301,3788.667,2019-04-12 21:00:00
1031,1.229,10.076,3679.767,2019-04-12 22:00:00
1032,1.223,9.79,3523.752,2019-04-12 23:00:00
1033,1.216,9.44,3329.131,2019-04-13 00:00:00
1034,1.212,9.457,3337.553,2019-04-13 01:00:00
1035,1.209,9.186,3171.857,2019-04-13 02:00:00
1036,1.208,8.754,2894.049,2019-04-13 03:00:00
1037,1.208,8.147,2485.522,2019-04-13 04:00:00
1038,1.208,7.442,2002.417,2019-04-13 05:00:00
1039,1.21,6.484,1385.939,2019-04-13 06:00:00
1040,1.211,7.236,1862.642,2019-04-13 07:00:00
1041,1.214,8.498,2721.68,2019-04-13 08:00:00
1042,1.217,9.434,3321.489,2019-04-13 09:00:00
1043,1.221,10.228,3752.936,2019-04-13 10:00:00
1044,1.226,9.936,3605.887,2019-04-13 11:00:00
1045,1.23,9.299,3238.101,2019-04-13 12:00:00
1046,1.233,8.836,2947.679,2019-04-13 13:00:00
1047,1.236,8.524,2741.162,2019-04-13 14:00:00
1048,1.238,8.254,2557.008,2019-04-13 15:00:00
1049,1.241,7.724,2190.025,2019-04-13 16:00:00
1050,1.243,7.174,1821.302,2019-04-13 17:00:00
1051,1.246,7.163,1812.737,2019-04-13 18:00:00
1052,1.248,6.226,1233.482,2019-04-13 19:00:00
1053,1.251,4.716,522.891,2019-04-13 20:00:00
1054,1.252,3.856,256.388,2019-04-13 21:00:00
1055,1.248,4.98,624.103,2019-04-13 22:00:00
1056,1.238,6.843,1604.472,2019-04-13 23:00:00
1057,1.229,7.72,2187.331,2019-04-14 00:00:00
1058,1.223,8.332,2613.094,2019-04-14 01:00:00
1059,1.218,7.84,2269.552,2019-04-14 02:00:00
1060,1.214,7.177,1821.386,2019-04-14 03:00:00
1061,1.211,7.258,1878.273,2019-04-14 04:00:00
1062,1.209,6.404,1333.204,2019-04-14 05:00:00
1063,1.207,4.754,537.092,2019-04-14 06:00:00
1064,1.207,4.79,553.868,2019-04-14 07:00:00
1065,1.207,5.87,1035.602,2019-04-14 08:00:00
1066,1.208,4.634,496.66,2019-04-14 09:00:00
1067,1.211,3.853,255.806,2019-04-14 10:00:00
1068,1.213,4.171,343.102,2019-04-14 11:00:00
1069,1.216,4.847,572.181,2019-04-14 12:00:00
1070,1.219,5.388,799.542,2019-04-14 13:00:00
1071,1.221,5.684,940.895,2019-04-14 14:00:00
1072,1.224,5.752,974.926,2019-04-14 15:00:00
1073,1.226,5.178,706.424,2019-04-14 16:00:00
1074,1.228,5.292,760.186,2019-04-14 17:00:00
1075,1.23,5.651,924.3,2019-04-14 18:00:00
1076,1.232,6.077,1150.39,2019-04-14 19:00:00
1077,1.234,6.365,1313.056,2019-04-14 20:00:00
1078,1.235,6.17,1203.463,2019-04-14 21:00:00
1079,1.231,5.488,845.584,2019-04-14 22:00:00
1080,1.22,4.903,593.901,2019-04-14 23:00:00
1081,1.206,5.265,744.194,2019-04-15 00:00:00
1082,1.196,6.157,1191.01,2019-04-15 01:00:00
1083,1.187,7.11,1775.223,2019-04-15 02:00:00
1084,1.179,8.024,2398.724,2019-04-15 03:00:00
1085,1.174,8.5,2721.707,2019-04-15 04:00:00
1086,1.17,8.319,2604.649,2019-04-15 05:00:00
1087,1.167,6.538,1413.307,2019-04-15 06:00:00
1088,1.166,7.288,1894.704,2019-04-15 07:00:00
1089,1.167,9.865,3564.64,2019-04-15 08:00:00
1090,1.17,10.331,3807.916,2019-04-15 09:00:00
1091,1.174,9.992,3632.426,2019-04-15 10:00:00
1092,1.179,9.549,3387.183,2019-04-15 11:00:00
1093,1.185,9.17,3164.841,2019-04-15 12:00:00
1094,1.19,8.781,2914.975,2019-04-15 13:00:00
1095,1.194,8.32,2606.526,2019-04-15 14:00:00
1096,1.198,7.654,2148.729,2019-04-15 15:00:00
1097,1.202,6.107,1164.666,2019-04-15 16:00:00
1098,1.204,6.573,1436.518,2019-04-15 17:00:00
1099,1.207,7.966,2356.384,2019-04-15 18:00:00
1100,1.209,9.505,3364.192,2019-04-15 19:00:00
1101,1.211,10.579,3922.384,2019-04-15 20:00:00
1102,1.211,11.045,4111.214,2019-04-15 21:00:00
1103,1.206,11.063,4118.057,2019-04-15 22:00:00
1104,1.195,10.558,3908.516,2019-04-15 23:00:00
1105,1.182,10.225,3751.626,2019-04-16 00:00:00
1106,1.172,10.038,3656.951,2019-04-16 01:00:00
1107,1.165,10.007,3640.708,2019-04-16 02:00:00
1108,1.159,10.046,3661.015,2019-04-16 03:00:00
1109,1.156,9.996,3634.552,2019-04-16 04:00:00
1110,1.154,10.149,3718.381,2019-04-16 05:00:00
1111,1.153,8.887,2977.992,2019-04-16 06:00:00
1112,1.154,8.862,2961.825,2019-04-16 07:00:00
1113,1.158,9.604,3418.862,2019-04-16 08:00:00
1114,1.164,10.173,3729.441,2019-04-16 09:00:00
1115,1.173,11.067,4119.536,2019-04-16 10:00:00
1116,1.182,12.389,4518.52,2019-04-16 11:00:00
1117,1.189,13.952,4788.028,2019-04-16 12:00:00
1118,1.195,14.999,4885.91,2019-04-16 13:00:00
1119,1.2,14.96,4883.842,2019-04-16 14:00:00
1120,1.204,13.665,4751.624,2019-04-16 15:00:00
1121,1.207,12.275,4491.294,2019-04-16 16:00:00
1122,1.211,11.496,4272.508,2019-04-16 17:00:00
1123,1.213,10.031,3652.883,2019-04-16 18:00:00
1124,1.216,7.467,2014.34,2019-04-16 19:00:00
1125,1.218,4.97,620.478,2019-04-16 20:00:00
1126,1.219,3.48,171.548,2019-04-16 21:00:00
1127,1.216,5.41,809.658,2019-04-16 22:00:00
1128,1.208,6.458,1370.074,2019-04-16 23:00:00
1129,1.199,7.597,2107.505,2019-04-17 00:00:00
1130,1.191,8.871,2967.54,2019-04-17 01:00:00
1131,1.184,8.694,2855.546,2019-04-17 02:00:00
1132,1.178,8.664,2834.716,2019-04-17 03:00:00
1133,1.174,8.447,2687.872,2019-04-17 04:00:00
1134,1.171,7.966,2356.373,2019-04-17 05:00:00
1135,1.171,7.037,1727.248,2019-04-17 06:00:00
1136,1.172,7.511,2049.986,2019-04-17 07:00:00
1137,1.174,8.994,3051.132,2019-04-17 08:00:00
1138,1.179,10.334,3807.809,2019-04-17 09:00:00
1139,1.185,11.815,4368.829,2019-04-17 10:00:00
1140,1.19,12.686,4583.964,2019-04-17 11:00:00
1141,1.194,12.908,4628.356,2019-04-17 12:00:00
1142,1.198,12.454,4533.534,2019-04-17 13:00:00
1143,1.201,12.112,4450.377,2019-04-17 14:00:00
1144,1.205,12.705,4587.881,2019-04-17 15:00:00
1145,1.209,13.223,4683.854,2019-04-17 16:00:00
1146,1.213,13.073,4658.715,2019-04-17 17:00:00
1147,1.217,12.776,4602.269,2019-04-17 18:00:00
1148,1.222,12.931,4632.502,2019-04-17 19:00:00
1149,1.227,13.499,4727.385,2019-04-17 20:00:00
1150,1.231,13.298,4696.137,2019-04-17 21:00:00
1151,1.232,11.569,4294.503,2019-04-17 22:00:00
1152,1.232,8.854,2956.848,2019-04-17 23:00:00
1153,1.231,9.628,3432.428,2019-04-18 00:00:00
1154,1.229,11.161,4154.98,2019-04-18 01:00:00
1155,1.227,10.923,4063.49,2019-04-18 02:00:00
1156,1.226,11.058,4116.189,2019-04-18 03:00:00
1157,1.224,11.599,4306.903,2019-04-18 04:00:00
1158,1.224,12.375,4516.554,2019-04-18 05:00:00
1159,1.223,13.314,4698.812,2019-04-18 06:00:00
1160,1.224,14.074,4802.578,2019-04-18 07:00:00
1161,1.226,14.36,4832.256,2019-04-18 08:00:00
1162,1.229,14.416,4838.423,2019-04-18 09:00:00
1163,1.233,14.558,4851.693,2019-04-18 10:00:00
1164,1.237,14.968,4883.794,2019-04-18 11:00:00
1165,1.241,15.417,4912.158,2019-04-18 12:00:00
1166,1.244,15.68,4924.81,2019-04-18 13:00:00
1167,1.247,15.692,4925.334,2019-04-18 14:00:00
1168,1.251,15.472,4914.668,2019-04-18 15:00:00
1169,1.255,14.792,4870.466,2019-04-18 16:00:00
1170,1.258,13.003,4646.37,2019-04-18 17:00:00
1171,1.261,11.504,4275.188,2019-04-18 18:00:00
1172,1.264,10.142,3711.13,2019-04-18 19:00:00
1173,1.267,8.84,2947.725,2019-04-18 20:00:00
1174,1.267,8.781,2914.969,2019-04-18 21:00:00
1175,1.261,8.951,3019.392,2019-04-18 22:00:00
1176,1.252,9.086,3106.001,2019-04-18 23:00:00
1177,1.244,8.659,2828.943,2019-04-19 00:00:00
1178,1.238,8.018,2393.551,2019-04-19 01:00:00
1179,1.231,7.404,1975.393,2019-04-19 02:00:00
1180,1.226,6.698,1512.395,2019-04-19 03:00:00
1181,1.221,6.344,1299.467,2019-04-19 04:00:00
1182,1.217,4.765,541.108,2019-04-19 05:00:00
1183,1.214,6.706,1520.014,2019-04-19 06:00:00
1184,1.212,9.295,3235.794,2019-04-19 07:00:00
1185,1.212,10.176,3729.32,2019-04-19 08:00:00
1186,1.215,10.758,3999.1,2019-04-19 09:00:00
1187,1.219,11.062,4117.615,2019-04-19 10:00:00
1188,1.223,11.34,4218.832,2019-04-19 11:00:00
1189,1.226,11.401,4242.947,2019-04-19 12:00:00
1190,1.228,11.092,4129.777,2019-04-19 13:00:00
1191,1.231,10.518,3890.812,2019-04-19 14:00:00
1192,1.233,9.683,3465.172,2019-04-19 15:00:00
1193,1.235,8.224,2533.81,2019-04-19 16:00:00
1194,1.237,6.906,1642.425,2019-04-19 17:00:00
1195,1.238,5.469,837.26,2019-04-19 18:00:00
1196,1.239,3.612,198.391,2019-04-19 19:00:00
1197,1.24,2.059,9.82,2019-04-19 20:00:00
1198,1.24,1.222,0.178,2019-04-19 21:00:00
1199,1.235,1.521,1.053,2019-04-19 22:00:00
1200,1.224,3.34,142.149,2019-04-19 23:00:00
1201,1.214,4.946,610.728,2019-04-20 00:00:00
1202,1.206,6.412,1338.515,2019-04-20 01:00:00
1203,1.2,7.755,2215.078,2019-04-20 02:00:00
1204,1.194,8.819,2933.901,2019-04-20 03:00:00
1205,1.189,9.155,3152.291,2019-04-20 04:00:00
1206,1.186,7.845,2276.838,2019-04-20 05:00:00
1207,1.184,5.899,1050.571,2019-04-20 06:00:00
1208,1.184,7.644,2141.397,2019-04-20 07:00:00
1209,1.186,9.385,3290.39,2019-04-20 08:00:00
1210,1.191,10.204,3743.608,2019-04-20 09:00:00
1211,1.198,10.999,4093.948,2019-04-20 10:00:00
1212,1.206,12.713,4589.445,2019-04-20 11:00:00
1213,1.213,13.829,4773.735,2019-04-20 12:00:00
1214,1.218,13.204,4680.788,2019-04-20 13:00:00
1215,1.223,11.73,4344.14,2019-04-20 14:00:00
1216,1.228,10.909,4058.376,2019-04-20 15:00:00
1217,1.232,10.323,3801.086,2019-04-20 16:00:00
1218,1.236,10.777,4003.868,2019-04-20 17:00:00
1219,1.24,10.735,3988.34,2019-04-20 18:00:00
1220,1.244,10.067,3671.727,2019-04-20 19:00:00
1221,1.247,10.903,4058.646,2019-04-20 20:00:00
1222,1.249,9.841,3551.849,2019-04-20 21:00:00
1223,1.243,9.504,3363.292,2019-04-20 22:00:00
1224,1.23,9.517,3370.242,2019-04-20 23:00:00
1225,1.219,8.548,2759.21,2019-04-21 00:00:00
1226,1.213,7.774,2226.273,2019-04-21 01:00:00
1227,1.21,7.368,1952.005,2019-04-21 02:00:00
1228,1.207,6.798,1573.605,2019-04-21 03:00:00
1229,1.204,6.07,1142.713,2019-04-21 04:00:00
1230,1.202,4.502,447.94,2019-04-21 05:00:00
1231,1.201,2.609,41.446,2019-04-21 06:00:00
1232,1.201,3.74,227.66,2019-04-21 07:00:00
1233,1.202,6.049,1135.485,2019-04-21 08:00:00
1234,1.204,7.291,1895.728,2019-04-21 09:00:00
1235,1.207,7.864,2289.375,2019-04-21 10:00:00
1236,1.212,8.359,2626.748,2019-04-21 11:00:00
1237,1.215,8.848,2952.743,2019-04-21 12:00:00
1238,1.219,9.169,3163.408,2019-04-21 13:00:00
1239,1.222,9.283,3228.197,2019-04-21 14:00:00
1240,1.225,9.186,3171.854,2019-04-21 15:00:00
1241,1.229,8.419,2672.458,2019-04-21 16:00:00
1242,1.232,7.489,2034.439,2019-04-21 17:00:00
1243,1.235,6.59,1444.643,2019-04-21 18:00:00
1244,1.238,4.232,361.205,2019-04-21 19:00:00
1245,1.24,1.94,6.375,2019-04-21 20:00:00
1246,1.242,1.429,0.646,2019-04-21 21:00:00
1247,1.238,3.18,114.028,2019-04-21 22:00:00
1248,1.225,4.775,546.691,2019-04-21 23:00:00
1249,1.212,5.716,958.539,2019-04-22 00:00:00
1250,1.202,6.472,1374.344,2019-04-22 01:00:00
1251,1.195,7.266,1881.28,2019-04-22 02:00:00
1252,1.189,7.941,2339.358,2019-04-22 03:00:00
1253,1.184,8.522,2737.479,2019-04-22 04:00:00
1254,1.18,7.861,2285.309,2019-04-22 05:00:00
1255,1.177,5.743,970.439,2019-04-22 06:00:00
1256,1.175,5.726,961.89,2019-04-22 07:00:00
1257,1.175,8.768,2901.767,2019-04-22 08:00:00
1258,1.178,9.476,3344.106,2019-04-22 09:00:00
1259,1.183,9.303,3240.578,2019-04-22 10:00:00
1260,1.189,8.905,2993.196,2019-04-22 11:00:00
1261,1.193,8.576,2779.777,2019-04-22 12:00:00
1262,1.196,8.543,2752.362,2019-04-22 13:00:00
1263,1.198,8.755,2895.631,2019-04-22 14:00:00
1264,1.199,8.986,3046.567,2019-04-22 15:00:00
1265,1.199,8.507,2730.957,2019-04-22 16:00:00
1266,1.2,9.476,3344.22,2019-04-22 17:00:00
1267,1.201,8.859,2960.18,2019-04-22 18:00:00
1268,1.202,11.182,4162.576,2019-04-22 19:00:00
1269,1.204,11.286,4201.467,2019-04-22 20:00:00
1270,1.205,10.878,4046.35,2019-04-22 21:00:00
1271,1.202,10.458,3863.35,2019-04-22 22:00:00
1272,1.196,10.716,3977.912,2019-04-22 23:00:00
1273,1.189,11.031,4105.832,2019-04-23 00:00:00
1274,1.182,12.028,4430.527,2019-04-23 01:00:00
1275,1.178,11.495,4272.515,2019-04-23 02:00:00
1276,1.175,9.95,3610.737,2019-04-23 03:00:00
1277,1.172,9.037,3076.616,2019-04-23 04:00:00
1278,1.171,7.734,2199.069,2019-04-23 05:00:00
1279,1.171,7.228,1853.23,2019-04-23 06:00:00
1280,1.173,7.814,2251.978,2019-04-23 07:00:00
1281,1.175,9.288,3231.019,2019-04-23 08:00:00
1282,1.181,11.441,4252.74,2019-04-23 09:00:00
1283,1.188,12.952,4636.253,2019-04-23 10:00:00
1284,1.196,13.113,4665.246,2019-04-23 11:00:00
1285,1.203,12.841,4615.337,2019-04-23 12:00:00
1286,1.209,12.727,4592.35,2019-04-23 13:00:00
1287,1.213,12.544,4553.585,2019-04-23 14:00:00
1288,1.217,12.144,4459.907,2019-04-23 15:00:00
1289,1.22,11.252,4188.279,2019-04-23 16:00:00
1290,1.223,10.357,3817.231,2019-04-23 17:00:00
1291,1.226,10.41,3841.057,2019-04-23 18:00:00
1292,1.23,10.364,3820.926,2019-04-23 19:00:00
1293,1.233,10.549,3904.555,2019-04-23 20:00:00
1294,1.235,9.99,3631.436,2019-04-23 21:00:00
1295,1.231,8.335,2613.105,2019-04-23 22:00:00
1296,1.225,8.15,2489.821,2019-04-23 23:00:00
1297,1.221,8.102,2455.457,2019-04-24 00:00:00
1298,1.218,7.905,2317.711,2019-04-24 01:00:00
1299,1.215,8.106,2455.49,2019-04-24 02:00:00
1300,1.212,7.798,2240.396,2019-04-24 03:00:00
1301,1.21,7.668,2158.086,2019-04-24 04:00:00
1302,1.208,7.059,1741.973,2019-04-24 05:00:00
1303,1.208,8.016,2393.53,2019-04-24 06:00:00
1304,1.208,9.36,3274.861,2019-04-24 07:00:00
1305,1.21,10.308,3792.083,2019-04-24 08:00:00
1306,1.212,10.44,3859.768,2019-04-24 09:00:00
1307,1.216,10.577,3920.863,2019-04-24 10:00:00
1308,1.221,10.835,4030.165,2019-04-24 11:00:00
1309,1.225,11.092,4130.102,2019-04-24 12:00:00
1310,1.229,11.105,4136.139,2019-04-24 13:00:00
1311,1.232,11.197,4168.037,2019-04-24 14:00:00
1312,1.236,11.177,4160.913,2019-04-24 15:00:00
1313,1.239,10.662,3954.879,2019-04-24 16:00:00
1314,1.242,9.491,3358.657,2019-04-24 17:00:00
1315,1.245,8.683,2846.694,2019-04-24 18:00:00
1316,1.248,8.953,3020.615,2019-04-24 19:00:00
1317,1.251,9.078,3100.875,2019-04-24 20:00:00
1318,1.251,8.658,2828.949,2019-04-24 21:00:00
1319,1.244,8.374,2636.153,2019-04-24 22:00:00
1320,1.233,8.058,2421.098,2019-04-24 23:00:00
1321,1.225,7.618,2122.998,2019-04-25 00:00:00
1322,1.22,7.095,1768.714,2019-04-25 01:00:00
1323,1.215,6.697,1512.342,2019-04-25 02:00:00
1324,1.211,6.592,1447.1,2019-04-25 03:00:00
1325,1.209,7.161,1809.955,2019-04-25 04:00:00
1326,1.207,5.31,768.219,2019-04-25 05:00:00
1327,1.206,4.451,430.755,2019-04-25 06:00:00
1328,1.206,7.215,1844.673,2019-04-25 07:00:00
1329,1.207,7.062,1743.668,2019-04-25 08:00:00
1330,1.209,6.599,1455.194,2019-04-25 09:00:00
1331,1.212,6.092,1156.303,2019-04-25 10:00:00
1332,1.215,5.738,967.818,2019-04-25 11:00:00
1333,1.219,5.526,866.8,2019-04-25 12:00:00
1334,1.222,5.403,806.324,2019-04-25 13:00:00
1335,1.225,5.402,805.881,2019-04-25 14:00:00
1336,1.227,5.504,853.403,2019-04-25 15:00:00
1337,1.23,5.528,867.847,2019-04-25 16:00:00
1338,1.233,5.278,753.201,2019-04-25 17:00:00
1339,1.236,5.714,958.477,2019-04-25 18:00:00
1340,1.239,5.998,1103.615,2019-04-25 19:00:00
1341,1.241,6.185,1209.332,2019-04-25 20:00:00
1342,1.242,6.363,1311.108,2019-04-25 21:00:00
1343,1.238,6.456,1366.885,2019-04-25 22:00:00
1344,1.225,6.386,1322.561,2019-04-25 23:00:00
1345,1.214,6.252,1246.204,2019-04-26 00:00:00
1346,1.209,6.134,1177.851,2019-04-26 01:00:00
1347,1.205,6.052,1136.959,2019-04-26 02:00:00
1348,1.202,5.95,1082.386,2019-04-26 03:00:00
1349,1.2,5.768,983.022,2019-04-26 04:00:00
1350,1.197,5.305,765.885,2019-04-26 05:00:00
1351,1.196,2.67,47.112,2019-04-26 06:00:00
1352,1.196,2.008,8.083,2019-04-26 07:00:00
1353,1.196,2.129,11.982,2019-04-26 08:00:00
1354,1.198,2.408,26.048,2019-04-26 09:00:00
1355,1.2,3.08,98.165,2019-04-26 10:00:00
1356,1.203,3.779,237.142,2019-04-26 11:00:00
1357,1.206,4.258,369.292,2019-04-26 12:00:00
1358,1.209,4.544,463.989,2019-04-26 13:00:00
1359,1.212,4.653,503.719,2019-04-26 14:00:00
1360,1.215,4.716,523.167,2019-04-26 15:00:00
1361,1.218,4.775,546.411,2019-04-26 16:00:00
1362,1.222,4.817,561.72,2019-04-26 17:00:00
1363,1.225,5.259,741.643,2019-04-26 18:00:00
1364,1.228,5.409,808.841,2019-04-26 19:00:00
1365,1.231,5.082,666.031,2019-04-26 20:00:00
1366,1.232,4.861,577.746,2019-04-26 21:00:00
1367,1.227,4.991,628.745,2019-04-26 22:00:00
1368,1.215,5.157,697.604,2019-04-26 23:00:00
1369,1.201,5.093,670.422,2019-04-27 00:00:00
1370,1.192,4.828,564.922,2019-04-27 01:00:00
1371,1.185,4.83,565.749,2019-04-27 02:00:00
1372,1.18,5.022,641.968,2019-04-27 03:00:00
1373,1.177,4.811,561.562,2019-04-27 04:00:00
1374,1.174,4.518,453.207,2019-04-27 05:00:00
1375,1.172,2.722,53.21,2019-04-27 06:00:00
1376,1.172,3.38,149.909,2019-04-27 07:00:00
1377,1.172,5.112,678.625,2019-04-27 08:00:00
1378,1.173,5.25,737.48,2019-04-27 09:00:00
1379,1.176,5.573,890.721,2019-04-27 10:00:00
1380,1.18,6.123,1171.998,2019-04-27 11:00:00
1381,1.184,6.413,1340.512,2019-04-27 12:00:00
1382,1.188,6.51,1396.138,2019-04-27 13:00:00
1383,1.192,6.416,1343.737,2019-04-27 14:00:00
1384,1.196,6.324,1287.846,2019-04-27 15:00:00
1385,1.201,5.978,1097.949,2019-04-27 16:00:00
1386,1.205,6.943,1670.737,2019-04-27 17:00:00
1387,1.208,9.082,3102.947,2019-04-27 18:00:00
1388,1.211,9.97,3621.14,2019-04-27 19:00:00
1389,1.214,10.099,3693.016,2019-04-27 20:00:00
1390,1.215,10.044,3659.649,2019-04-27 21:00:00
1391,1.212,9.511,3370.379,2019-04-27 22:00:00
1392,1.202,8.831,2947.723,2019-04-27 23:00:00
1393,1.191,8.642,2818.595,2019-04-28 00:00:00
1394,1.183,8.787,2914.925,2019-04-28 01:00:00
1395,1.178,8.787,2914.923,2019-04-28 02:00:00
1396,1.173,8.388,2645.9,2019-04-28 03:00:00
1397,1.171,8.129,2469.278,2019-04-28 04:00:00
1398,1.169,6.556,1424.16,2019-04-28 05:00:00
1399,1.168,6.449,1360.193,2019-04-28 06:00:00
1400,1.169,7.996,2379.751,2019-04-28 07:00:00
1401,1.17,9.459,3340.245,2019-04-28 08:00:00
1402,1.173,10.54,3900.585,2019-04-28 09:00:00
1403,1.177,10.969,4081.598,2019-04-28 10:00:00
1404,1.181,11.105,4136.144,2019-04-28 11:00:00
1405,1.185,10.875,4046.467,2019-04-28 12:00:00
1406,1.188,9.956,3616.965,2019-04-28 13:00:00
1407,1.191,8.272,2568.081,2019-04-28 14:00:00
1408,1.195,6.653,1483.177,2019-04-28 15:00:00
1409,1.199,6.033,1126.071,2019-04-28 16:00:00
1410,1.202,6.652,1482.675,2019-04-28 17:00:00
1411,1.205,8.15,2489.141,2019-04-28 18:00:00
1412,1.208,9.614,3424.917,2019-04-28 19:00:00
1413,1.211,9.94,3610.804,2019-04-28 20:00:00
1414,1.212,9.703,3477.132,2019-04-28 21:00:00
1415,1.209,9.531,3376.682,2019-04-28 22:00:00
1416,1.199,9.263,3220.425,2019-04-28 23:00:00
1417,1.188,8.856,2958.303,2019-04-29 00:00:00
1418,1.18,8.439,2686.237,2019-04-29 01:00:00
1419,1.174,7.762,2221.24,2019-04-29 02:00:00
1420,1.17,7.543,2065.542,2019-04-29 03:00:00
1421,1.167,7.909,2317.761,2019-04-29 04:00:00
1422,1.166,5.711,958.353,2019-04-29 05:00:00
1423,1.165,4.719,524.076,2019-04-29 06:00:00
1424,1.164,6.511,1396.956,2019-04-29 07:00:00
1425,1.165,6.721,1525.927,2019-04-29 08:00:00
1426,1.167,6.273,1256.558,2019-04-29 09:00:00
1427,1.171,5.992,1100.396,2019-04-29 10:00:00
1428,1.175,5.63,913.845,2019-04-29 11:00:00
1429,1.18,5.178,706.248,2019-04-29 12:00:00
1430,1.185,4.654,503.936,2019-04-29 13:00:00
1431,1.19,4.067,313.16,2019-04-29 14:00:00
1432,1.194,3.542,182.784,2019-04-29 15:00:00
1433,1.197,3.23,123.896,2019-04-29 16:00:00
1434,1.2,3.288,132.731,2019-04-29 17:00:00
1435,1.202,3.45,165.474,2019-04-29 18:00:00
1436,1.205,3.888,266.975,2019-04-29 19:00:00
1437,1.207,4.298,382.162,2019-04-29 20:00:00
1438,1.207,4.475,438.566,2019-04-29 21:00:00
1439,1.203,4.406,418.957,2019-04-29 22:00:00
1440,1.193,4.234,361.794,2019-04-29 23:00:00
1441,1.185,4.185,347.296,2019-04-30 00:00:00
1442,1.18,4.152,339.642,2019-04-30 01:00:00
1443,1.177,3.935,276.947,2019-04-30 02:00:00
1444,1.174,3.844,253.538,2019-04-30 03:00:00
1445,1.172,4.133,334.577,2019-04-30 04:00:00
1446,1.17,4.445,428.65,2019-04-30 05:00:00
1447,1.169,3.18,114.033,2019-04-30 06:00:00
1448,1.169,3.537,181.794,2019-04-30 07:00:00
1449,1.17,4.27,373.063,2019-04-30 08:00:00
1450,1.173,4.636,497.637,2019-04-30 09:00:00
1451,1.178,5.102,674.292,2019-04-30 10:00:00
1452,1.184,5.728,962.6,2019-04-30 11:00:00
1453,1.19,6.425,1348.209,2019-04-30 12:00:00
1454,1.195,7.097,1771.153,2019-04-30 13:00:00
1455,1.199,7.639,2137.816,2019-04-30 14:00:00
1456,1.203,7.912,2320.034,2019-04-30 15:00:00
1457,1.207,7.555,2073.981,2019-04-30 16:00:00
1458,1.211,8.282,2578.949,2019-04-30 17:00:00
1459,1.214,9.334,3259.41,2019-04-30 18:00:00
1460,1.217,9.537,3380.033,2019-04-30 19:00:00
1461,1.22,9.263,3220.415,2019-04-30 20:00:00
1462,1.221,8.807,2928.043,2019-04-30 21:00:00
1463,1.216,7.072,1751.529,2019-04-30 22:00:00
1464,1.211,5.386,798.428,2019-04-30 23:00:00
1465,1.207,5.236,731.308,2019-05-01 00:00:00
1466,1.202,6.185,1209.557,2019-05-01 01:00:00
1467,1.198,6.868,1623.272,2019-05-01 02:00:00
1468,1.194,7.928,2331.532,2019-05-01 03:00:00
1469,1.191,9.597,3415.011,2019-05-01 04:00:00
1470,1.188,10.164,3723.121,2019-05-01 05:00:00
1471,1.186,11.277,4199.438,2019-05-01 06:00:00
1472,1.185,11.733,4346.166,2019-05-01 07:00:00
1473,1.185,11.772,4356.884,2019-05-01 08:00:00
1474,1.187,11.747,4350.029,2019-05-01 09:00:00
1475,1.191,11.867,4383.886,2019-05-01 10:00:00
1476,1.195,12.089,4444.241,2019-05-01 11:00:00
1477,1.199,11.904,4396.17,2019-05-01 12:00:00
1478,1.203,11.616,4309.303,2019-05-01 13:00:00
1479,1.207,11.82,4370.383,2019-05-01 14:00:00
1480,1.21,11.953,4407.917,2019-05-01 15:00:00
1481,1.214,11.479,4265.459,2019-05-01 16:00:00
1482,1.217,10.231,3754.426,2019-05-01 17:00:00
1483,1.22,10.123,3700.629,2019-05-01 18:00:00
1484,1.224,10.093,3686.232,2019-05-01 19:00:00
1485,1.227,9.563,3394.941,2019-05-01 20:00:00
1486,1.227,8.99,3051.183,2019-05-01 21:00:00
1487,1.22,8.579,2781.424,2019-05-01 22:00:00
1488,1.209,8.558,2762.074,2019-05-01 23:00:00
1489,1.201,8.866,2964.499,2019-05-02 00:00:00
1490,1.194,8.812,2929.383,2019-05-02 01:00:00
1491,1.188,8.829,2946.342,2019-05-02 02:00:00
1492,1.182,8.798,2925.092,2019-05-02 03:00:00
1493,1.176,8.116,2463.63,2019-05-02 04:00:00
1494,1.172,6.032,1126.035,2019-05-02 05:00:00
1495,1.168,7.028,1721.568,2019-05-02 06:00:00
1496,1.166,8.675,2842.261,2019-05-02 07:00:00
1497,1.165,7.362,1943.868,2019-05-02 08:00:00
1498,1.167,6.836,1600.38,2019-05-02 09:00:00
1499,1.169,6.751,1550.384,2019-05-02 10:00:00
1500,1.174,6.65,1481.196,2019-05-02 11:00:00
1501,1.178,6.446,1360.123,2019-05-02 12:00:00
1502,1.182,6.372,1318.595,2019-05-02 13:00:00
1503,1.186,6.513,1398.001,2019-05-02 14:00:00
1504,1.191,6.715,1524.757,2019-05-02 15:00:00
1505,1.195,6.648,1479.93,2019-05-02 16:00:00
1506,1.2,6.829,1599.564,2019-05-02 17:00:00
1507,1.204,7.724,2190.09,2019-05-02 18:00:00
1508,1.207,7.526,2057.615,2019-05-02 19:00:00
1509,1.211,6.877,1625.917,2019-05-02 20:00:00
1510,1.211,6.236,1241.14,2019-05-02 21:00:00
1511,1.206,5.777,991.199,2019-05-02 22:00:00
1512,1.193,5.642,919.793,2019-05-02 23:00:00
1513,1.178,5.743,970.321,2019-05-03 00:00:00
1514,1.169,5.898,1050.192,2019-05-03 01:00:00
1515,1.163,5.848,1024.246,2019-05-03 02:00:00
1516,1.159,5.761,979.482,2019-05-03 03:00:00
1517,1.155,5.563,885.753,2019-05-03 04:00:00
1518,1.152,4.765,541.221,2019-05-03 05:00:00
1519,1.151,2.135,12.205,2019-05-03 06:00:00
1520,1.15,2.744,54.649,2019-05-03 07:00:00
1521,1.151,5.56,884.512,2019-05-03 08:00:00
1522,1.155,5.548,878.922,2019-05-03 09:00:00
1523,1.16,5.441,824.239,2019-05-03 10:00:00
1524,1.167,5.588,894.42,2019-05-03 11:00:00
1525,1.173,5.841,1020.637,2019-05-03 12:00:00
1526,1.179,6.063,1139.091,2019-05-03 13:00:00
1527,1.185,6.064,1139.411,2019-05-03 14:00:00
1528,1.19,5.765,981.493,2019-05-03 15:00:00
1529,1.195,5.228,728.085,2019-05-03 16:00:00
1530,1.2,5.089,669.016,2019-05-03 17:00:00
1531,1.205,5.4,804.719,2019-05-03 18:00:00
1532,1.21,5.683,939.999,2019-05-03 19:00:00
1533,1.214,5.917,1060.303,2019-05-03 20:00:00
1534,1.216,6.217,1226.35,2019-05-03 21:00:00
1535,1.212,6.593,1447.896,2019-05-03 22:00:00
1536,1.205,6.598,1454.372,2019-05-03 23:00:00
1537,1.197,5.744,970.63,2019-05-04 00:00:00
1538,1.189,3.816,246.27,2019-05-04 01:00:00
1539,1.183,4.904,594.268,2019-05-04 02:00:00
1540,1.177,7.583,2097.795,2019-05-04 03:00:00
1541,1.172,10.103,3694.074,2019-05-04 04:00:00
1542,1.168,8.877,2971.673,2019-05-04 05:00:00
1543,1.166,7.728,2192.363,2019-05-04 06:00:00
1544,1.165,8.548,2759.645,2019-05-04 07:00:00
1545,1.167,8.219,2530.706,2019-05-04 08:00:00
1546,1.172,7.893,2308.216,2019-05-04 09:00:00
1547,1.18,7.6,2111.415,2019-05-04 10:00:00
1548,1.189,6.857,1613.143,2019-05-04 11:00:00
1549,1.195,5.83,1014.868,2019-05-04 12:00:00
1550,1.2,5.416,812.374,2019-05-04 13:00:00
1551,1.204,5.723,960.167,2019-05-04 14:00:00
1552,1.208,5.532,871.106,2019-05-04 15:00:00
1553,1.211,5.827,1012.947,2019-05-04 16:00:00
1554,1.214,7.878,2297.084,2019-05-04 17:00:00
1555,1.217,9.547,3385.866,2019-05-04 18:00:00
1556,1.219,9.325,3253.872,2019-05-04 19:00:00
1557,1.221,8.334,2613.103,2019-05-04 20:00:00
1558,1.222,6.844,1605.366,2019-05-04 21:00:00
1559,1.22,5.121,682.128,2019-05-04 22:00:00
1560,1.215,4.649,502.149,2019-05-04 23:00:00
1561,1.212,4.569,470.557,2019-05-05 00:00:00
1562,1.21,5.282,755.712,2019-05-05 01:00:00
1563,1.208,6.552,1421.257,2019-05-05 02:00:00
1564,1.208,5.952,1084.081,2019-05-05 03:00:00
1565,1.207,5.904,1053.396,2019-05-05 04:00:00
1566,1.208,6.345,1301.178,2019-05-05 05:00:00
1567,1.209,6.754,1551.927,2019-05-05 06:00:00
1568,1.21,7.097,1771.481,2019-05-05 07:00:00
1569,1.211,7.828,2266.341,2019-05-05 08:00:00
1570,1.212,8.699,2855.521,2019-05-05 09:00:00
1571,1.215,8.95,3018.913,2019-05-05 10:00:00
1572,1.218,8.977,3036.506,2019-05-05 11:00:00
1573,1.22,9.794,3525.75,2019-05-05 12:00:00
1574,1.222,10.419,3849.523,2019-05-05 13:00:00
1575,1.224,10.74,3992.746,2019-05-05 14:00:00
1576,1.226,10.618,3939.559,2019-05-05 15:00:00
1577,1.228,9.525,3373.325,2019-05-05 16:00:00
1578,1.231,8.32,2605.692,2019-05-05 17:00:00
1579,1.233,8.088,2441.75,2019-05-05 18:00:00
1580,1.235,7.208,1839.929,2019-05-05 19:00:00
1581,1.237,6.932,1660.365,2019-05-05 20:00:00
1582,1.236,7.033,1724.561,2019-05-05 21:00:00
1583,1.228,7.035,1725.865,2019-05-05 22:00:00
1584,1.216,7.005,1709.379,2019-05-05 23:00:00
1585,1.206,7.36,1941.949,2019-05-06 00:00:00
1586,1.202,7.59,2097.923,2019-05-06 01:00:00
1587,1.198,7.789,2235.121,2019-05-06 02:00:00
1588,1.194,7.704,2175.846,2019-05-06 03:00:00
1589,1.192,7.465,2012.662,2019-05-06 04:00:00
1590,1.19,5.641,919.431,2019-05-06 05:00:00
1591,1.189,5.132,686.935,2019-05-06 06:00:00
1592,1.188,8.895,2986.682,2019-05-06 07:00:00
1593,1.189,10.542,3901.378,2019-05-06 08:00:00
1594,1.19,10.595,3927.78,2019-05-06 09:00:00
1595,1.192,10.741,3992.794,2019-05-06 10:00:00
1596,1.194,11.173,4159.303,2019-05-06 11:00:00
1597,1.197,11.717,4340.12,2019-05-06 12:00:00
1598,1.199,12.166,4465.743,2019-05-06 13:00:00
1599,1.2,12.081,4442.187,2019-05-06 14:00:00
1600,1.202,11.659,4322.825,2019-05-06 15:00:00
1601,1.204,10.854,4038.374,2019-05-06 16:00:00
1602,1.207,9.377,3285.034,2019-05-06 17:00:00
1603,1.209,8.888,2978.633,2019-05-06 18:00:00
1604,1.211,9.407,3305.146,2019-05-06 19:00:00
1605,1.213,9.181,3166.168,2019-05-06 20:00:00
1606,1.212,8.682,2844.618,2019-05-06 21:00:00
1607,1.207,8.087,2441.744,2019-05-06 22:00:00
1608,1.197,7.084,1761.932,2019-05-06 23:00:00
1609,1.187,6.472,1374.268,2019-05-07 00:00:00
1610,1.18,6.159,1192.001,2019-05-07 01:00:00
1611,1.176,5.889,1045.445,2019-05-07 02:00:00
1612,1.172,5.82,1009.729,2019-05-07 03:00:00
1613,1.17,6.133,1177.65,2019-05-07 04:00:00
1614,1.168,4.9,592.61,2019-05-07 05:00:00
1615,1.166,3.372,149.639,2019-05-07 06:00:00
1616,1.165,4.535,462.289,2019-05-07 07:00:00
1617,1.166,6.719,1524.874,2019-05-07 08:00:00
1618,1.168,7.395,1971.888,2019-05-07 09:00:00
1619,1.171,7.594,2103.238,2019-05-07 10:00:00
1620,1.175,7.659,2151.881,2019-05-07 11:00:00
1621,1.179,7.551,2071.236,2019-05-07 12:00:00
1622,1.182,7.589,2097.897,2019-05-07 13:00:00
1623,1.185,7.861,2284.518,2019-05-07 14:00:00
1624,1.188,7.806,2246.263,2019-05-07 15:00:00
1625,1.19,6.426,1348.233,2019-05-07 16:00:00
1626,1.193,6.659,1486.932,2019-05-07 17:00:00
1627,1.195,7.65,2145.457,2019-05-07 18:00:00
1628,1.197,8.479,2707.738,2019-05-07 19:00:00
1629,1.199,8.462,2695.924,2019-05-07 20:00:00
1630,1.199,7.321,1916.412,2019-05-07 21:00:00
1631,1.194,5.879,1040.127,2019-05-07 22:00:00
1632,1.186,5.474,839.193,2019-05-07 23:00:00
1633,1.178,6.714,1524.739,2019-05-08 00:00:00
1634,1.172,8.767,2901.775,2019-05-08 01:00:00
1635,1.168,10.094,3687.79,2019-05-08 02:00:00
1636,1.164,9.052,3089.386,2019-05-08 03:00:00
1637,1.162,8.076,2436.476,2019-05-08 04:00:00
1638,1.161,6.919,1656.44,2019-05-08 05:00:00
1639,1.162,5.874,1037.388,2019-05-08 06:00:00
1640,1.164,6.809,1581.031,2019-05-08 07:00:00
1641,1.167,7.497,2036.498,2019-05-08 08:00:00
1642,1.17,7.481,2024.083,2019-05-08 09:00:00
1643,1.175,6.839,1600.47,2019-05-08 10:00:00
1644,1.18,6.201,1216.35,2019-05-08 11:00:00
1645,1.184,6.491,1389.851,2019-05-08 12:00:00
1646,1.188,8.923,3006.152,2019-05-08 13:00:00
1647,1.192,10.106,3693.95,2019-05-08 14:00:00
1648,1.196,10.089,3683.607,2019-05-08 15:00:00
1649,1.199,10.352,3817.433,2019-05-08 16:00:00
1650,1.203,10.518,3890.711,2019-05-08 17:00:00
1651,1.206,11.47,4262.609,2019-05-08 18:00:00
1652,1.208,11.657,4322.94,2019-05-08 19:00:00
1653,1.211,10.637,3943.97,2019-05-08 20:00:00
1654,1.21,9.359,3274.71,2019-05-08 21:00:00
1655,1.205,8.792,2917.732,2019-05-08 22:00:00
1656,1.194,8.302,2592.618,2019-05-08 23:00:00
1657,1.185,7.291,1895.584,2019-05-09 00:00:00
1658,1.179,6.089,1153.693,2019-05-09 01:00:00
1659,1.174,5.231,729.293,2019-05-09 02:00:00
1660,1.17,4.547,464.046,2019-05-09 03:00:00
1661,1.167,4.197,350.861,2019-05-09 04:00:00
1662,1.165,3.096,100.593,2019-05-09 05:00:00
1663,1.163,2.893,72.051,2019-05-09 06:00:00
1664,1.163,4.721,524.82,2019-05-09 07:00:00
1665,1.163,5.67,933.491,2019-05-09 08:00:00
1666,1.166,6.789,1568.209,2019-05-09 09:00:00
1667,1.169,7.806,2246.218,2019-05-09 10:00:00
1668,1.174,8.309,2592.65,2019-05-09 11:00:00
1669,1.179,8.155,2489.857,2019-05-09 12:00:00
1670,1.183,7.675,2159.461,2019-05-09 13:00:00
1671,1.187,7.068,1747.904,2019-05-09 14:00:00
1672,1.191,6.235,1240.277,2019-05-09 15:00:00
1673,1.195,4.905,594.583,2019-05-09 16:00:00
1674,1.199,2.676,47.747,2019-05-09 17:00:00
1675,1.202,0.747,0.0,2019-05-09 18:00:00
1676,1.206,2.545,36.704,2019-05-09 19:00:00
1677,1.209,5.027,646.107,2019-05-09 20:00:00
1678,1.208,7.228,1853.073,2019-05-09 21:00:00
1679,1.201,8.56,2762.458,2019-05-09 22:00:00
1680,1.191,9.399,3303.606,2019-05-09 23:00:00
1681,1.181,9.387,3291.294,2019-05-10 00:00:00
1682,1.172,8.388,2645.76,2019-05-10 01:00:00
1683,1.165,8.0,2379.792,2019-05-10 02:00:00
1684,1.159,8.429,2674.323,2019-05-10 03:00:00
1685,1.154,8.82,2934.445,2019-05-10 04:00:00
1686,1.15,8.535,2748.632,2019-05-10 05:00:00
1687,1.148,7.908,2317.759,2019-05-10 06:00:00
1688,1.148,9.695,3473.71,2019-05-10 07:00:00
1689,1.149,11.1,4136.373,2019-05-10 08:00:00
1690,1.153,11.421,4246.129,2019-05-10 09:00:00
1691,1.16,11.018,4101.773,2019-05-10 10:00:00
1692,1.169,10.656,3953.987,2019-05-10 11:00:00
1693,1.176,10.218,3749.197,2019-05-10 12:00:00
1694,1.182,9.765,3509.775,2019-05-10 13:00:00
1695,1.188,9.316,3248.508,2019-05-10 14:00:00
1696,1.192,9.082,3102.923,2019-05-10 15:00:00
1697,1.195,9.467,3340.827,2019-05-10 16:00:00
1698,1.199,10.26,3768.995,2019-05-10 17:00:00
1699,1.202,11.167,4157.151,2019-05-10 18:00:00
1700,1.204,11.724,4341.998,2019-05-10 19:00:00
1701,1.207,11.993,4420.922,2019-05-10 20:00:00
1702,1.207,12.071,4439.632,2019-05-10 21:00:00
1703,1.2,11.832,4373.721,2019-05-10 22:00:00
1704,1.191,11.505,4275.925,2019-05-10 23:00:00
1705,1.182,11.096,4132.948,2019-05-11 00:00:00
1706,1.175,10.912,4059.023,2019-05-11 01:00:00
1707,1.168,10.588,3923.113,2019-05-11 02:00:00
1708,1.162,10.219,3749.146,2019-05-11 03:00:00
1709,1.157,9.715,3484.955,2019-05-11 04:00:00
1710,1.153,8.629,2808.2,2019-05-11 05:00:00
1711,1.152,8.005,2386.762,2019-05-11 06:00:00
1712,1.151,7.608,2111.565,2019-05-11 07:00:00
1713,1.152,7.17,1821.204,2019-05-11 08:00:00
1714,1.156,6.527,1406.295,2019-05-11 09:00:00
1715,1.161,5.88,1040.731,2019-05-11 10:00:00
1716,1.168,5.504,853.118,2019-05-11 11:00:00
1717,1.174,5.225,726.558,2019-05-11 12:00:00
1718,1.178,5.087,668.011,2019-05-11 13:00:00
1719,1.182,5.369,790.612,2019-05-11 14:00:00
1720,1.185,6.186,1210.097,2019-05-11 15:00:00
1721,1.188,7.403,1975.358,2019-05-11 16:00:00
1722,1.191,8.889,2979.303,2019-05-11 17:00:00
1723,1.193,9.788,3522.81,2019-05-11 18:00:00
1724,1.195,9.841,3551.643,2019-05-11 19:00:00
1725,1.197,9.277,3224.824,2019-05-11 20:00:00
1726,1.197,9.226,3193.43,2019-05-11 21:00:00
1727,1.192,8.906,2993.188,2019-05-11 22:00:00
1728,1.181,8.481,2709.597,2019-05-11 23:00:00
1729,1.171,8.222,2532.439,2019-05-12 00:00:00
1730,1.162,8.012,2393.49,2019-05-12 01:00:00
1731,1.156,7.586,2097.838,2019-05-12 02:00:00
1732,1.152,7.313,1909.903,2019-05-12 03:00:00
1733,1.148,7.044,1731.687,2019-05-12 04:00:00
1734,1.145,5.259,741.364,2019-05-12 05:00:00
1735,1.144,3.633,204.848,2019-05-12 06:00:00
1736,1.143,3.322,138.859,2019-05-12 07:00:00
1737,1.144,3.901,270.192,2019-05-12 08:00:00
1738,1.147,5.212,720.897,2019-05-12 09:00:00
1739,1.153,5.562,885.309,2019-05-12 10:00:00
1740,1.159,5.764,980.961,2019-05-12 11:00:00
1741,1.165,6.046,1132.683,2019-05-12 12:00:00
1742,1.17,6.308,1277.031,2019-05-12 13:00:00
1743,1.175,6.55,1420.326,2019-05-12 14:00:00
1744,1.179,6.754,1552.06,2019-05-12 15:00:00
1745,1.183,6.429,1348.333,2019-05-12 16:00:00
1746,1.186,7.232,1856.961,2019-05-12 17:00:00
1747,1.188,8.838,2947.655,2019-05-12 18:00:00
1748,1.191,10.117,3697.432,2019-05-12 19:00:00
1749,1.193,10.596,3928.186,2019-05-12 20:00:00
1750,1.192,10.225,3751.544,2019-05-12 21:00:00
1751,1.186,10.117,3697.161,2019-05-12 22:00:00
1752,1.178,10.095,3689.386,2019-05-12 23:00:00
1753,1.171,9.877,3571.299,2019-05-13 00:00:00
1754,1.164,9.767,3510.881,2019-05-13 01:00:00
1755,1.16,9.994,3633.531,2019-05-13 02:00:00
1756,1.156,8.87,2967.29,2019-05-13 03:00:00
1757,1.154,7.148,1806.639,2019-05-13 04:00:00
1758,1.154,6.043,1129.383,2019-05-13 05:00:00
1759,1.154,5.458,835.85,2019-05-13 06:00:00
1760,1.156,6.583,1444.418,2019-05-13 07:00:00
1761,1.159,8.805,2928.057,2019-05-13 08:00:00
1762,1.164,10.248,3762.996,2019-05-13 09:00:00
1763,1.169,11.358,4225.66,2019-05-13 10:00:00
1764,1.176,11.821,4370.57,2019-05-13 11:00:00
1765,1.181,11.204,4170.632,2019-05-13 12:00:00
1766,1.185,10.086,3683.732,2019-05-13 13:00:00
1767,1.189,9.492,3358.633,2019-05-13 14:00:00
1768,1.191,9.057,3089.318,2019-05-13 15:00:00
1769,1.193,7.772,2224.243,2019-05-13 16:00:00
1770,1.195,5.83,1014.867,2019-05-13 17:00:00
1771,1.197,6.15,1187.034,2019-05-13 18:00:00
1772,1.199,6.928,1657.994,2019-05-13 19:00:00
1773,1.2,7.429,1989.019,2019-05-13 20:00:00
1774,1.199,7.959,2351.285,2019-05-13 21:00:00
1775,1.194,7.962,2353.91,2019-05-13 22:00:00
1776,1.187,7.352,1941.579,2019-05-13 23:00:00
1777,1.181,7.237,1864.228,2019-05-14 00:00:00
1778,1.177,7.476,2020.138,2019-05-14 01:00:00
1779,1.173,7.287,1894.672,2019-05-14 02:00:00
1780,1.171,7.321,1916.113,2019-05-14 03:00:00
1781,1.168,7.427,1988.978,2019-05-14 04:00:00
1782,1.167,7.61,2111.838,2019-05-14 05:00:00
1783,1.166,8.212,2525.463,2019-05-14 06:00:00
1784,1.166,10.268,3772.573,2019-05-14 07:00:00
1785,1.167,11.953,4407.758,2019-05-14 08:00:00
1786,1.169,12.86,4618.807,2019-05-14 09:00:00
1787,1.172,13.723,4758.709,2019-05-14 10:00:00
1788,1.176,13.882,4779.147,2019-05-14 11:00:00
1789,1.18,13.424,4715.964,2019-05-14 12:00:00
1790,1.183,12.788,4604.653,2019-05-14 13:00:00
1791,1.186,11.828,4372.701,2019-05-14 14:00:00
1792,1.189,10.302,3789.153,2019-05-14 15:00:00
1793,1.192,8.481,2709.411,2019-05-14 16:00:00
1794,1.194,6.725,1530.647,2019-05-14 17:00:00
1795,1.196,6.357,1307.047,2019-05-14 18:00:00
1796,1.199,6.286,1264.358,2019-05-14 19:00:00
1797,1.201,6.325,1289.702,2019-05-14 20:00:00
1798,1.2,5.797,1002.819,2019-05-14 21:00:00
1799,1.193,4.33,391.589,2019-05-14 22:00:00
1800,1.181,2.411,26.209,2019-05-14 23:00:00
1801,1.171,2.127,11.907,2019-05-15 00:00:00
1802,1.164,3.453,166.008,2019-05-15 01:00:00
1803,1.158,5.217,723.048,2019-05-15 02:00:00
1804,1.153,7.118,1786.108,2019-05-15 03:00:00
1805,1.148,8.533,2748.635,2019-05-15 04:00:00
1806,1.144,7.026,1720.473,2019-05-15 05:00:00
1807,1.141,5.25,737.364,2019-05-15 06:00:00
1808,1.139,5.801,1004.13,2019-05-15 07:00:00
1809,1.139,7.362,1944.932,2019-05-15 08:00:00
1810,1.141,7.959,2351.544,2019-05-15 09:00:00
1811,1.144,8.606,2792.637,2019-05-15 10:00:00
1812,1.149,9.628,3432.607,2019-05-15 11:00:00
1813,1.155,10.735,3988.494,2019-05-15 12:00:00
1814,1.159,11.466,4261.027,2019-05-15 13:00:00
1815,1.162,11.743,4350.172,2019-05-15 14:00:00
1816,1.165,11.526,4282.65,2019-05-15 15:00:00
1817,1.167,10.614,3935.195,2019-05-15 16:00:00
1818,1.169,10.503,3883.65,2019-05-15 17:00:00
1819,1.171,11.204,4170.503,2019-05-15 18:00:00
1820,1.173,11.217,4175.18,2019-05-15 19:00:00
1821,1.175,10.264,3770.795,2019-05-15 20:00:00
1822,1.175,9.782,3519.419,2019-05-15 21:00:00
1823,1.172,10.459,3863.74,2019-05-15 22:00:00
1824,1.167,10.936,4068.848,2019-05-15 23:00:00
1825,1.161,10.16,3719.48,2019-05-16 00:00:00
1826,1.157,11.094,4131.519,2019-05-16 01:00:00
1827,1.153,10.333,3807.849,2019-05-16 02:00:00
1828,1.15,10.524,3893.469,2019-05-16 03:00:00
1829,1.148,10.651,3954.197,2019-05-16 04:00:00
1830,1.147,9.848,3555.796,2019-05-16 05:00:00
1831,1.145,10.303,3789.901,2019-05-16 06:00:00
1832,1.145,11.866,4383.527,2019-05-16 07:00:00
1833,1.145,14.004,4793.882,2019-05-16 08:00:00
1834,1.147,16.988,4956.556,2019-05-16 09:00:00
1835,1.151,18.325,4928.961,2019-05-16 10:00:00
1836,1.157,18.295,4930.586,2019-05-16 11:00:00
1837,1.162,17.894,4945.682,2019-05-16 12:00:00
1838,1.166,17.432,4954.9,2019-05-16 13:00:00
1839,1.17,16.625,4953.053,2019-05-16 14:00:00
1840,1.173,15.495,4916.16,2019-05-16 15:00:00
1841,1.176,13.799,4768.652,2019-05-16 16:00:00
1842,1.178,12.054,4435.161,2019-05-16 17:00:00
1843,1.18,12.257,4486.867,2019-05-16 18:00:00
1844,1.183,12.373,4516.609,2019-05-16 19:00:00
1845,1.185,10.964,4079.664,2019-05-16 20:00:00
1846,1.185,9.736,3496.75,2019-05-16 21:00:00
1847,1.18,7.436,1997.134,2019-05-16 22:00:00
1848,1.174,4.863,579.217,2019-05-16 23:00:00
1849,1.167,4.134,334.909,2019-05-17 00:00:00
1850,1.162,5.163,699.778,2019-05-17 01:00:00
1851,1.158,5.274,749.89,2019-05-17 02:00:00
1852,1.154,5.872,1036.777,2019-05-17 03:00:00
1853,1.151,6.371,1318.573,2019-05-17 04:00:00
1854,1.148,5.372,792.267,2019-05-17 05:00:00
1855,1.146,4.935,606.528,2019-05-17 06:00:00
1856,1.146,6.292,1267.895,2019-05-17 07:00:00
1857,1.146,8.191,2511.079,2019-05-17 08:00:00
1858,1.149,9.247,3208.043,2019-05-17 09:00:00
1859,1.154,9.206,3180.752,2019-05-17 10:00:00
1860,1.159,8.228,2536.227,2019-05-17 11:00:00
1861,1.164,6.546,1417.732,2019-05-17 12:00:00
1862,1.168,5.409,808.859,2019-05-17 13:00:00
1863,1.172,5.644,920.842,2019-05-17 14:00:00
1864,1.175,6.355,1306.976,2019-05-17 15:00:00
1865,1.178,7.0,1703.616,2019-05-17 16:00:00
1866,1.18,7.426,1988.95,2019-05-17 17:00:00
1867,1.182,8.389,2646.476,2019-05-17 18:00:00
1868,1.185,8.611,2796.031,2019-05-17 19:00:00
1869,1.187,8.442,2687.867,2019-05-17 20:00:00
1870,1.188,8.084,2441.712,2019-05-17 21:00:00
1871,1.185,8.675,2842.264,2019-05-17 22:00:00
1872,1.18,8.463,2696.859,2019-05-17 23:00:00
1873,1.177,8.975,3035.062,2019-05-18 00:00:00
1874,1.175,6.976,1687.61,2019-05-18 01:00:00
1875,1.173,4.126,332.566,2019-05-18 02:00:00
1876,1.171,3.645,206.569,2019-05-18 03:00:00
1877,1.169,3.973,288.886,2019-05-18 04:00:00
1878,1.167,2.951,80.815,2019-05-18 05:00:00
1879,1.166,2.501,32.615,2019-05-18 06:00:00
1880,1.165,5.545,877.064,2019-05-18 07:00:00
1881,1.166,7.168,1818.602,2019-05-18 08:00:00
1882,1.169,5.592,895.389,2019-05-18 09:00:00
1883,1.173,5.18,707.199,2019-05-18 10:00:00
1884,1.179,6.43,1348.344,2019-05-18 11:00:00
1885,1.184,6.362,1309.769,2019-05-18 12:00:00
1886,1.188,5.7,952.924,2019-05-18 13:00:00
1887,1.191,4.779,549.528,2019-05-18 14:00:00
1888,1.194,4.472,437.755,2019-05-18 15:00:00
1889,1.197,4.472,437.597,2019-05-18 16:00:00
1890,1.199,4.413,420.346,2019-05-18 17:00:00
1891,1.201,4.284,380.046,2019-05-18 18:00:00
1892,1.202,4.067,312.97,2019-05-18 19:00:00
1893,1.204,5.549,879.221,2019-05-18 20:00:00
1894,1.204,6.481,1384.272,2019-05-18 21:00:00
1895,1.201,6.599,1455.558,2019-05-18 22:00:00
1896,1.195,6.19,1214.571,2019-05-18 23:00:00
1897,1.189,6.432,1350.795,2019-05-19 00:00:00
1898,1.183,5.755,976.23,2019-05-19 01:00:00
1899,1.178,5.186,709.778,2019-05-19 02:00:00
1900,1.175,4.684,511.451,2019-05-19 03:00:00
1901,1.172,3.638,205.965,2019-05-19 04:00:00
1902,1.17,3.565,187.78,2019-05-19 05:00:00
1903,1.17,3.844,253.455,2019-05-19 06:00:00
1904,1.17,4.269,372.68,2019-05-19 07:00:00
1905,1.172,4.149,339.423,2019-05-19 08:00:00
1906,1.173,4.052,308.855,2019-05-19 09:00:00
1907,1.174,4.643,499.838,2019-05-19 10:00:00
1908,1.176,5.751,974.267,2019-05-19 11:00:00
1909,1.176,6.427,1348.252,2019-05-19 12:00:00
1910,1.177,6.379,1318.826,2019-05-19 13:00:00
1911,1.176,6.269,1254.988,2019-05-19 14:00:00
1912,1.176,6.003,1107.613,2019-05-19 15:00:00
1913,1.176,5.79,999.093,2019-05-19 16:00:00
1914,1.176,5.771,985.014,2019-05-19 17:00:00
1915,1.177,5.892,1047.021,2019-05-19 18:00:00
1916,1.177,6.072,1144.472,2019-05-19 19:00:00
1917,1.178,6.89,1638.383,2019-05-19 20:00:00
1918,1.178,7.51,2049.418,2019-05-19 21:00:00
1919,1.177,8.203,2519.515,2019-05-19 22:00:00
1920,1.175,9.455,3334.997,2019-05-19 23:00:00
1921,1.172,9.25,3208.577,2019-05-20 00:00:00
1922,1.169,9.666,3458.242,2019-05-20 01:00:00
1923,1.166,10.449,3859.448,2019-05-20 02:00:00
1924,1.164,10.677,3961.065,2019-05-20 03:00:00
1925,1.162,9.406,3305.159,2019-05-20 04:00:00
1926,1.16,8.542,2751.002,2019-05-20 05:00:00
1927,1.16,8.135,2472.628,2019-05-20 06:00:00
1928,1.16,7.923,2331.472,2019-05-20 07:00:00
1929,1.162,7.674,2159.446,2019-05-20 08:00:00
1930,1.164,7.904,2317.7,2019-05-20 09:00:00
1931,1.167,8.219,2530.606,2019-05-20 10:00:00
1932,1.17,8.42,2674.173,2019-05-20 11:00:00
1933,1.173,8.939,3012.011,2019-05-20 12:00:00
1934,1.175,9.466,3340.843,2019-05-20 13:00:00
1935,1.178,9.503,3362.34,2019-05-20 14:00:00
1936,1.179,8.752,2891.318,2019-05-20 15:00:00
1937,1.181,7.355,1941.667,2019-05-20 16:00:00
1938,1.182,5.593,896.006,2019-05-20 17:00:00
1939,1.182,4.694,515.024,2019-05-20 18:00:00
1940,1.183,4.627,494.384,2019-05-20 19:00:00
1941,1.184,4.866,581.391,2019-05-20 20:00:00
1942,1.184,5.74,968.82,2019-05-20 21:00:00
1943,1.181,6.231,1238.233,2019-05-20 22:00:00
1944,1.178,6.345,1301.094,2019-05-20 23:00:00
1945,1.176,6.173,1203.637,2019-05-21 00:00:00
1946,1.173,6.118,1169.097,2019-05-21 01:00:00
1947,1.171,5.882,1041.982,2019-05-21 02:00:00
1948,1.17,5.613,905.802,2019-05-21 03:00:00
1949,1.169,5.173,704.198,2019-05-21 04:00:00
1950,1.169,4.782,550.868,2019-05-21 05:00:00
1951,1.17,5.139,689.812,2019-05-21 06:00:00
1952,1.171,5.339,777.329,2019-05-21 07:00:00
1953,1.173,5.228,728.099,2019-05-21 08:00:00
1954,1.175,5.336,775.687,2019-05-21 09:00:00
1955,1.177,5.528,868.063,2019-05-21 10:00:00
1956,1.179,5.812,1005.272,2019-05-21 11:00:00
1957,1.181,6.076,1148.829,2019-05-21 12:00:00
1958,1.183,5.987,1099.132,2019-05-21 13:00:00
1959,1.185,5.558,883.57,2019-05-21 14:00:00
1960,1.187,5.106,675.903,2019-05-21 15:00:00
1961,1.188,4.845,571.449,2019-05-21 16:00:00
1962,1.19,4.215,356.237,2019-05-21 17:00:00
1963,1.191,4.761,539.828,2019-05-21 18:00:00
1964,1.193,5.922,1062.83,2019-05-21 19:00:00
1965,1.194,5.786,996.762,2019-05-21 20:00:00
1966,1.193,5.564,886.532,2019-05-21 21:00:00
1967,1.19,5.551,880.355,2019-05-21 22:00:00
1968,1.186,5.188,710.536,2019-05-21 23:00:00
1969,1.182,5.105,675.398,2019-05-22 00:00:00
1970,1.179,5.049,656.009,2019-05-22 01:00:00
1971,1.176,5.244,734.775,2019-05-22 02:00:00
1972,1.172,5.273,748.92,2019-05-22 03:00:00
1973,1.17,4.957,615.044,2019-05-22 04:00:00
1974,1.167,5.029,647.289,2019-05-22 05:00:00
1975,1.166,4.981,624.842,2019-05-22 06:00:00
1976,1.165,5.135,688.299,2019-05-22 07:00:00
1977,1.166,5.268,745.625,2019-05-22 08:00:00
1978,1.168,5.596,897.505,2019-05-22 09:00:00
1979,1.171,6.125,1172.982,2019-05-22 10:00:00
1980,1.175,6.548,1419.213,2019-05-22 11:00:00
1981,1.179,6.852,1612.992,2019-05-22 12:00:00
1982,1.182,7.038,1728.251,2019-05-22 13:00:00
1983,1.185,7.157,1808.148,2019-05-22 14:00:00
1984,1.188,7.288,1894.698,2019-05-22 15:00:00
1985,1.19,7.183,1825.094,2019-05-22 16:00:00
1986,1.193,6.239,1242.393,2019-05-22 17:00:00
1987,1.196,5.838,1019.099,2019-05-22 18:00:00
1988,1.198,5.647,922.414,2019-05-22 19:00:00
1989,1.2,5.358,785.825,2019-05-22 20:00:00
1990,1.199,5.294,761.333,2019-05-22 21:00:00
1991,1.192,5.18,707.361,2019-05-22 22:00:00
1992,1.181,4.949,611.799,2019-05-22 23:00:00
1993,1.172,4.56,467.589,2019-05-23 00:00:00
1994,1.165,3.977,288.965,2019-05-23 01:00:00
1995,1.158,3.198,118.302,2019-05-23 02:00:00
1996,1.153,2.259,17.574,2019-05-23 03:00:00
1997,1.149,1.605,1.595,2019-05-23 04:00:00
1998,1.145,1.171,0.131,2019-05-23 05:00:00
1999,1.143,0.947,0.018,2019-05-23 06:00:00
2000,1.142,1.378,0.498,2019-05-23 07:00:00
2001,1.143,2.312,20.756,2019-05-23 08:00:00
2002,1.145,3.097,100.639,2019-05-23 09:00:00
2003,1.148,3.622,202.283,2019-05-23 10:00:00
2004,1.153,3.978,289.009,2019-05-23 11:00:00
2005,1.158,4.071,314.311,2019-05-23 12:00:00
2006,1.162,3.724,225.216,2019-05-23 13:00:00
2007,1.166,3.375,149.714,2019-05-23 14:00:00
2008,1.17,3.431,159.839,2019-05-23 15:00:00
2009,1.172,3.58,191.053,2019-05-23 16:00:00
2010,1.174,3.633,204.802,2019-05-23 17:00:00
2011,1.176,5.188,710.64,2019-05-23 18:00:00
2012,1.177,7.54,2063.791,2019-05-23 19:00:00
2013,1.178,9.514,3370.302,2019-05-23 20:00:00
2014,1.176,9.357,3273.275,2019-05-23 21:00:00
2015,1.169,8.386,2644.582,2019-05-23 22:00:00
2016,1.158,8.618,2801.241,2019-05-23 23:00:00
2017,1.147,8.572,2776.524,2019-05-24 00:00:00
2018,1.137,8.457,2692.559,2019-05-24 01:00:00
2019,1.128,8.273,2569.112,2019-05-24 02:00:00
2020,1.121,8.131,2469.677,2019-05-24 03:00:00
2021,1.115,8.001,2381.421,2019-05-24 04:00:00
2022,1.111,7.192,1834.512,2019-05-24 05:00:00
2023,1.109,5.877,1039.456,2019-05-24 06:00:00
2024,1.108,5.883,1042.278,2019-05-24 07:00:00
2025,1.109,7.482,2025.029,2019-05-24 08:00:00
2026,1.112,8.787,2914.922,2019-05-24 09:00:00
2027,1.117,9.819,3539.552,2019-05-24 10:00:00
2028,1.124,10.928,4065.545,2019-05-24 11:00:00
2029,1.13,10.912,4059.023,2019-05-24 12:00:00
2030,1.136,10.293,3785.069,2019-05-24 13:00:00
2031,1.141,9.707,3481.469,2019-05-24 14:00:00
2032,1.145,8.799,2927.037,2019-05-24 15:00:00
2033,1.149,8.783,2914.955,2019-05-24 16:00:00
2034,1.153,11.249,4187.175,2019-05-24 17:00:00
2035,1.157,13.352,4706.254,2019-05-24 18:00:00
2036,1.16,14.221,4818.102,2019-05-24 19:00:00
2037,1.162,14.552,4850.515,2019-05-24 20:00:00
2038,1.161,14.92,4880.953,2019-05-24 21:00:00
2039,1.157,15.1,4892.704,2019-05-24 22:00:00
2040,1.15,15.575,4920.117,2019-05-24 23:00:00
2041,1.143,13.963,4790.029,2019-05-25 00:00:00
2042,1.138,14.17,4813.865,2019-05-25 01:00:00
2043,1.134,13.523,4731.128,2019-05-25 02:00:00
2044,1.132,12.806,4608.107,2019-05-25 03:00:00
2045,1.131,12.002,4421.784,2019-05-25 04:00:00
2046,1.131,11.204,4170.668,2019-05-25 05:00:00
2047,1.131,11.048,4112.624,2019-05-25 06:00:00
2048,1.132,11.93,4401.554,2019-05-25 07:00:00
2049,1.135,13.079,4660.972,2019-05-25 08:00:00
2050,1.14,13.978,4790.896,2019-05-25 09:00:00
2051,1.147,14.697,4863.054,2019-05-25 10:00:00
2052,1.155,14.712,4864.753,2019-05-25 11:00:00
2053,1.162,13.412,4714.159,2019-05-25 12:00:00
2054,1.168,11.5,4272.635,2019-05-25 13:00:00
2055,1.173,10.173,3729.439,2019-05-25 14:00:00
2056,1.177,8.596,2786.081,2019-05-25 15:00:00
2057,1.181,7.532,2063.637,2019-05-25 16:00:00
2058,1.184,8.064,2423.753,2019-05-25 17:00:00
2059,1.187,8.397,2657.182,2019-05-25 18:00:00
2060,1.19,8.214,2527.05,2019-05-25 19:00:00
2061,1.192,7.854,2283.246,2019-05-25 20:00:00
2062,1.192,7.154,1808.054,2019-05-25 21:00:00
2063,1.188,6.445,1360.091,2019-05-25 22:00:00
2064,1.182,5.818,1008.489,2019-05-25 23:00:00
2065,1.177,5.398,804.142,2019-05-26 00:00:00
2066,1.173,5.53,870.154,2019-05-26 01:00:00
2067,1.168,5.799,1003.62,2019-05-26 02:00:00
2068,1.165,6.018,1115.371,2019-05-26 03:00:00
2069,1.163,5.966,1091.307,2019-05-26 04:00:00
2070,1.163,5.115,679.758,2019-05-26 05:00:00
2071,1.163,5.759,978.469,2019-05-26 06:00:00
2072,1.164,5.896,1049.421,2019-05-26 07:00:00
2073,1.166,5.581,894.194,2019-05-26 08:00:00
2074,1.169,5.529,869.24,2019-05-26 09:00:00
2075,1.172,6.872,1625.756,2019-05-26 10:00:00
2076,1.176,6.988,1700.666,2019-05-26 11:00:00
2077,1.179,4.957,615.017,2019-05-26 12:00:00
2078,1.182,5.118,680.998,2019-05-26 13:00:00
2079,1.184,7.234,1860.139,2019-05-26 14:00:00
2080,1.186,8.098,2452.555,2019-05-26 15:00:00
2081,1.188,8.36,2626.75,2019-05-26 16:00:00
2082,1.189,8.973,3033.979,2019-05-26 17:00:00
2083,1.19,9.612,3423.453,2019-05-26 18:00:00
2084,1.192,9.567,3397.593,2019-05-26 19:00:00
2085,1.193,9.699,3473.59,2019-05-26 20:00:00
2086,1.192,9.398,3302.408,2019-05-26 21:00:00
2087,1.188,9.3,3238.648,2019-05-26 22:00:00
2088,1.183,9.292,3233.678,2019-05-26 23:00:00
2089,1.177,8.945,3015.594,2019-05-27 00:00:00
2090,1.173,8.282,2578.95,2019-05-27 01:00:00
2091,1.17,7.879,2297.089,2019-05-27 02:00:00
2092,1.167,7.497,2036.489,2019-05-27 03:00:00
2093,1.166,7.355,1941.664,2019-05-27 04:00:00
2094,1.165,7.243,1867.839,2019-05-27 05:00:00
2095,1.166,7.424,1988.905,2019-05-27 06:00:00
2096,1.167,7.85,2282.726,2019-05-27 07:00:00
2097,1.169,8.359,2626.748,2019-05-27 08:00:00
2098,1.171,8.555,2762.079,2019-05-27 09:00:00
2099,1.174,9.008,3061.543,2019-05-27 10:00:00
2100,1.177,9.245,3208.089,2019-05-27 11:00:00
2101,1.179,9.76,3507.24,2019-05-27 12:00:00
2102,1.181,10.309,3792.566,2019-05-27 13:00:00
2103,1.182,10.208,3747.039,2019-05-27 14:00:00
2104,1.184,10.072,3675.918,2019-05-27 15:00:00
2105,1.186,10.582,3923.374,2019-05-27 16:00:00
2106,1.188,11.439,4252.267,2019-05-27 17:00:00
2107,1.189,11.742,4350.241,2019-05-27 18:00:00
2108,1.19,11.678,4328.98,2019-05-27 19:00:00
2109,1.191,11.26,4194.418,2019-05-27 20:00:00
2110,1.189,10.653,3954.09,2019-05-27 21:00:00
2111,1.184,10.01,3642.011,2019-05-27 22:00:00
2112,1.179,9.653,3451.114,2019-05-27 23:00:00
2113,1.175,9.382,3288.572,2019-05-28 00:00:00
2114,1.172,8.442,2687.867,2019-05-28 01:00:00
2115,1.171,7.885,2300.697,2019-05-28 02:00:00
2116,1.17,8.411,2661.884,2019-05-28 03:00:00
2117,1.169,8.402,2660.739,2019-05-28 04:00:00
2118,1.169,7.939,2337.454,2019-05-28 05:00:00
2119,1.17,8.959,3025.002,2019-05-28 06:00:00
2120,1.171,11.507,4276.84,2019-05-28 07:00:00
2121,1.173,13.671,4753.087,2019-05-28 08:00:00
2122,1.174,14.993,4885.969,2019-05-28 09:00:00
2123,1.175,15.824,4931.154,2019-05-28 10:00:00
2124,1.177,16.359,4947.951,2019-05-28 11:00:00
2125,1.178,16.193,4943.623,2019-05-28 12:00:00
2126,1.178,15.669,4924.281,2019-05-28 13:00:00
2127,1.179,14.854,4875.253,2019-05-28 14:00:00
2128,1.18,13.825,4772.771,2019-05-28 15:00:00
2129,1.182,13.231,4685.32,2019-05-28 16:00:00
2130,1.183,12.869,4620.387,2019-05-28 17:00:00
2131,1.184,12.605,4568.017,2019-05-28 18:00:00
2132,1.186,12.616,4569.04,2019-05-28 19:00:00
2133,1.187,12.786,4604.211,2019-05-28 20:00:00
2134,1.186,12.769,4601.046,2019-05-28 21:00:00
2135,1.182,12.87,4620.679,2019-05-28 22:00:00
2136,1.176,12.752,4597.702,2019-05-28 23:00:00
2137,1.172,12.553,4555.604,2019-05-29 00:00:00
2138,1.168,12.158,4462.722,2019-05-29 01:00:00
2139,1.165,11.683,4329.849,2019-05-29 02:00:00
2140,1.162,10.914,4059.978,2019-05-29 03:00:00
2141,1.159,10.223,3750.364,2019-05-29 04:00:00
2142,1.156,9.072,3096.703,2019-05-29 05:00:00
2143,1.155,8.46,2694.528,2019-05-29 06:00:00
2144,1.154,9.567,3397.815,2019-05-29 07:00:00
2145,1.155,10.714,3977.19,2019-05-29 08:00:00
2146,1.157,11.669,4328.499,2019-05-29 09:00:00
2147,1.161,12.443,4530.855,2019-05-29 10:00:00
2148,1.164,12.829,4614.74,2019-05-29 11:00:00
2149,1.168,12.63,4572.137,2019-05-29 12:00:00
2150,1.172,12.049,4433.642,2019-05-29 13:00:00
2151,1.175,11.266,4194.421,2019-05-29 14:00:00
2152,1.178,10.188,3737.204,2019-05-29 15:00:00
2153,1.181,8.654,2828.965,2019-05-29 16:00:00
2154,1.183,6.902,1639.916,2019-05-29 17:00:00
2155,1.185,5.936,1070.465,2019-05-29 18:00:00
2156,1.186,4.341,395.214,2019-05-29 19:00:00
2157,1.187,3.211,120.743,2019-05-29 20:00:00
2158,1.186,2.148,12.725,2019-05-29 21:00:00
2159,1.179,1.33,0.359,2019-05-29 22:00:00
2160,1.171,3.134,106.436,2019-05-29 23:00:00
2161,1.165,4.977,623.186,2019-05-30 00:00:00
2162,1.161,5.642,920.053,2019-05-30 01:00:00
2163,1.158,5.775,988.824,2019-05-30 02:00:00
2164,1.156,6.494,1389.949,2019-05-30 03:00:00
2165,1.155,6.423,1348.115,2019-05-30 04:00:00
2166,1.155,4.048,307.761,2019-05-30 05:00:00
2167,1.156,2.849,66.652,2019-05-30 06:00:00
2168,1.158,2.818,62.942,2019-05-30 07:00:00
2169,1.16,2.571,38.905,2019-05-30 08:00:00
2170,1.163,2.23,16.179,2019-05-30 09:00:00
2171,1.166,2.298,19.963,2019-05-30 10:00:00
2172,1.169,2.741,54.408,2019-05-30 11:00:00
2173,1.173,3.192,116.318,2019-05-30 12:00:00
2174,1.175,3.842,252.891,2019-05-30 13:00:00
2175,1.178,5.175,704.981,2019-05-30 14:00:00
2176,1.18,6.539,1413.735,2019-05-30 15:00:00
2177,1.183,6.794,1571.61,2019-05-30 16:00:00
2178,1.185,6.378,1318.783,2019-05-30 17:00:00
2179,1.187,6.457,1368.187,2019-05-30 18:00:00
2180,1.188,6.552,1421.578,2019-05-30 19:00:00
2181,1.189,6.514,1398.28,2019-05-30 20:00:00
2182,1.188,6.493,1389.907,2019-05-30 21:00:00
2183,1.182,6.137,1179.784,2019-05-30 22:00:00
2184,1.175,5.841,1020.544,2019-05-30 23:00:00
2185,1.17,5.216,722.869,2019-05-31 00:00:00
2186,1.167,4.589,477.578,2019-05-31 01:00:00
2187,1.164,4.187,347.845,2019-05-31 02:00:00
2188,1.162,4.047,307.578,2019-05-31 03:00:00
2189,1.16,3.81,244.927,2019-05-31 04:00:00
2190,1.159,4.046,307.185,2019-05-31 05:00:00
2191,1.159,4.408,419.598,2019-05-31 06:00:00
2192,1.159,5.223,725.614,2019-05-31 07:00:00
2193,1.16,6.09,1153.705,2019-05-31 08:00:00
2194,1.161,6.913,1649.006,2019-05-31 09:00:00
2195,1.164,7.678,2159.518,2019-05-31 10:00:00
2196,1.167,8.331,2613.09,2019-05-31 11:00:00
2197,1.17,8.67,2842.182,2019-05-31 12:00:00
2198,1.172,8.795,2922.067,2019-05-31 13:00:00
2199,1.175,8.585,2782.206,2019-05-31 14:00:00
2200,1.177,8.09,2441.888,2019-05-31 15:00:00
2201,1.18,6.901,1639.429,2019-05-31 16:00:00
2202,1.182,5.953,1084.628,2019-05-31 17:00:00
2203,1.184,5.856,1028.278,2019-05-31 18:00:00
2204,1.186,6.076,1148.988,2019-05-31 19:00:00
2205,1.187,6.357,1307.035,2019-05-31 20:00:00
2206,1.186,6.336,1295.349,2019-05-31 21:00:00
2207,1.18,6.08,1153.396,2019-05-31 22:00:00
2208,1.17,5.905,1053.864,2019-05-31 23:00:00
